TestName,ParameterName,units,upperLimit,lowerLimit,relaxedUpperLimit,relaxedLowerLimit,Condition
Head,ID,,4,1,,,
VendorID,Check,,2,1,,,
VoltageCheck_Safety_VBAT0V8,PPBATT_VCC_FB,mV,900,700,,,
VoltageCheck_Safety_VBUS1V25,PPVBUS_USB_EMI,mV,1400,1100,,,
VoltageCheck_Safety_VBAT4V3,PPBATT_VCC_FB,mV,4350,4250,,,
VoltageCheck_Safety_VBAT4V3,BATT_RESET_CURRENT,mA,10,-3,,,
VoltageCheck_Safety_VBAT4V3,BATT_RESET_CURRENT_D1sec,mA,10,-3,,,
VoltageCheck_Safety_VBUS5V,PPVBUS_FB_DEBUG_1,mV,5100,4900,,,
VoltageCheck_Safety_VBUS5V,IBUS_DEBUG,mA,400,0,,,
ForceDFU_VDM,GPIO_FORCE_DFU,mV,1300,1150,,,
ForceDFU_VDM,GPIO_1V2_SOC2ACE_DFU_STATUS,mV,1300,1150,,,
Transition_Diags_DeadBattery2V5,PPVBUS_FB_DEBUG_1,mV,9100,8900,,,
Transition_Diags_DeadBattery2V5,PP3V3_ACE_LDO_IBoot,mV,3400,3200,,,
Transition_Diags_DeadBattery2V5,PP3V3_S2_ACE_PARROT,mV,3340,3260,,,
Transition_Diags_DeadBattery2V5,BATTERY_Voltage_FB,mV,2900,2100,,,
Transition_Diags_VBAT4V3,PPBATT_VCC_FB,mV,4350,4250,,,
GPIOCheck,GPIO_POTOMAC_TO_PMU_WAKE_1V8_HIGH_1,,1,1,,,
GPIOCheck,GPIO_POTOMAC_TO_SOC_TO_PMU_IRQ_L_HIGH,,1,1,,,
Transition_Diags_VBAT4V3_1,GPIO_POTOMAC_TO_PMU_WAKE_1V8_LOW,,0,0,,,
Transition_Diags_VBAT4V3_1,PPVBUS_FB_DEBUG_2,mV,5100,4900,,,
Transition_Diags_VBAT4V3_1,Read_Reg_0x6862,string,0x0C,,,,
Transition_Diags_VBAT4V3_1,Read_Reg_0x6862_1,string,0x0C,,,,
Switchover_VBUS5V_NoOrionPWR,GPIO_3V3_ACE2ORION_ACC_PWR_EN_L_H,,1,1,,,
Switchover_VBUS5V_NoOrionPWR,B2A_ACC_PWR_PRESENT_L_H_Fix,,1,1,,,
Switchover_VBUS5V_NoOrionPWR,B2A_ACC_PWR_PRESENT_L_H_Diags,,1,1,,,
Button_Sera,DBL_CLICK_DET_Low,,0,0,,,
BootConfig,MLB_B,string,0x03,,,,
BoardRevision,MLB,string,0x02,,,,
Info,Fuse_Rev_LA,,11,11,,,
Info,SOC_Revision_LA,string,B1,,,,
Info_Sera,OTP_Revision,string,0x04,,,,
Info_Sera,Platform_ID,string,0x03,,,,
Info_Simetra,OTP_Revision,string,0x02,,,,
Info_Simetra,Platform_ID,string,0x03,,,,
Info_Potomac,OTP_Revision,string,0x02,,,,
Info_Potomac,Platform_ID,string,0x0B,,,,
AceOTPProgram,FW_Version,string,00 16 21 00,,,,
AceOTPProgram,GPIO_ACE_TO_SOC_IRQ_L_Low,,0,0,,,
AceOTPProgram,PPVBUS_PROT,mV,14500,13500,,,
AceOTPProgram,Verify_FINAL_CRC,string,0xB1 0x01 0x92 0x34,,,,
AceOTPProgram,Verify_FINAL_CRC_prod_fuse,string,0x05 0x86 0x96 0x9E,,,,
AceOTPProgram,PPVBUS_PROT_TO_5V,mV,5300,4700,,,
AceOTPProgram,GPIO_ACE_TO_SOC_IRQ_L_High,,1,1,,,
AceOTPProgram,RECONFIRM_FINAL_CRC,string,0xB1 0x01 0x92 0x34,,,,
AceOTPProgram,RECONFIRM_FINAL_CRC_prod_fuse,string,0x05 0x86 0x96 0x9E,,,,
GPMLogic_HallSensors_Untriggered,GPIO_APANEL_HALL_TO_PMU_IRQ_BUF_L_HIGH_PRE,,1,1,,,
GPMLogic_HallSensors_Untriggered,GPIO_CPANEL_HALL_TO_PMU_IRQ_BUF_L_HIGH,,1,1,,,
GPMLogic_HallSensors_Untriggered,SLG_TO_AOP_DMIC_DISABLE_WARN_L_HIGH,,1,1,,,
GPMLogic_HallSensors_Untriggered,GPM_DMIC_DIASBLE_L_HIGH,,1,1,,,
GPMLogic_HallSensors_Untriggered,PDM_DMIC_C3_CONN_High,,1,1,,,
GPMLogic_HallSensors_Triggered,GPIO_CPANEL_HALL_TO_PMU_IRQ_BUF_L_LOW,,0,0,,,
GPMLogic_HallSensors_Triggered,GPIO_CPANEL_HALL_TO_PMU_IRQ_BUF_L_LOW1,,0,0,,,
GPMLogic_HallSensors_Triggered,GPIO_APANEL_HALL_TO_PMU_IRQ_BUF_L_LOW,,0,0,,,
GPMLogic_HallSensors_Triggered,SLG_TO_AOP_DMIC_DISABLE_WARN_L_LOW,,0,0,,,
GPMLogic_HallSensors_Triggered,GPM_DMIC_DIASBLE_L_LOW,,0,0,,,
GPMLogic_HallSensors_Triggered,PDM_DMIC_FHC_Low,,0,0,,,
GPMLogic_HallSensors_Untriggered_1,GPIO_APANEL_HALL_TO_PMU_IRQ_BUF_L_HIGH_POST,,1,1,,,
VoltageCheck_Active,PPVCC_MAIN,mV,4400,4200,,,
VoltageCheck_Active,PP3V3_ACE_LDO,mV,3400,3200,,,
VoltageCheck_Active,PP1V8_S2,mV,1845,1777,,,
VoltageCheck_Active,PPVBUS_PROT,mV,5300,4700,,,
VoltageCheck_Active,PPVCC_HIGH,mV,4400,4200,,,
VoltageCheck_Active,PPVCC_MAIN_LCD_SW,mV,4350,4250,,,
VoltageCheck_Active,PPVCENTER,mV,5300,4700,,,
VoltageCheck_Active,PP0V72_S2_VDDLOW,mV,772.5,727.5,,,
VoltageCheck_Active,PP0V88_NAND,mV,925,854,,,
VoltageCheck_Active,PP0V88_S1,mV,925,854,,,
VoltageCheck_Active,PP0V8_S1_SOC_FIXED,mV,829.15,780.85,,,
VoltageCheck_Active,PP1V06_S2,mV,1097.98,1034.02,,,
VoltageCheck_Active,PP1V2_IO,mV,1295,1224,,,
VoltageCheck_Active,PP1V2_NAND,mV,1295,1224,,,
VoltageCheck_Active,PP1V2_S2_CIO,mV,1220,1178,,,
VoltageCheck_Active,PP1V2_MOLY_FLEX_VDDIO_CONN,mV,1295,1224,,,
VoltageCheck_Active,PP1V25_S2,mV,1287.5,1212.5,,,
VoltageCheck_Active,PP1V2_SOC_LN,mV,1220,1178,,,
VoltageCheck_Active,PP3V0_S2_LAT_SWITCH_CONN,mV,3040,2970,,,
VoltageCheck_Active,PP3V0_S2_UAT_C4_CONN,mV,3040,2970,,,
VoltageCheck_Active,PP2V95_S2_SCORPIUS,mV,3038,2861,,,
VoltageCheck_Active,PP2V95_S2_SCORPIUS_FILT,mV,3038,2861,,,
VoltageCheck_Active,PP1V8_PHOS_FILT,mV,1845,1777,,,
VoltageCheck_Active,PP1V8_S2,mV,1845,1777,,,
VoltageCheck_Active,PP1V8_S2_KOBOL_A_FILT,mV,1845,1777,,,
VoltageCheck_Active,PP1V8_LDCM,mV,1829,1780,,,
VoltageCheck_Active,PP1V8_MOLY_FLEX_AVDD_CONN,mV,1845,1777,,,
VoltageCheck_Active,PP1V8_SERA_ALWAYS,mV,1828,1779,,,
VoltageCheck_Active,PP1V8_SIMETRA_ALWAYS,mV,1828,1779,,,
VoltageCheck_Active,PP1V8_SW1_IO,mV,1845,1777,,,
VoltageCheck_Active,PP2V63_NAND,mV,2685,2594,,,
VoltageCheck_Active,PP2V63_NAND_DISCH_QD,mV,2685,2594,,,
VoltageCheck_Active,P3V3_ROM,mV,3400,3200,,,
VoltageCheck_Active,PP3V0_ALS,mV,3040,2970,,,
VoltageCheck_Active,PP3V0_ALS_C4_CONN,mV,3040,2970,,,
VoltageCheck_Active,PP3V3_ACE_LDO,mV,3400,3200,,,
VoltageCheck_Active,PP3V3_BSB_S0_SVR,mV,3342,3265,,,
VoltageCheck_Active,PP3V3_S2_ACE_PARROT,mV,3342,3265,,,
VoltageCheck_Active,PP3V3_BSB,mV,3342,3265,,,
VoltageCheck_Active,PPVDD_CPU,mV,733.875,560.78125,,,
VoltageCheck_Active,PPVDD_CPU_SRAM,mV,991.375,933.625,,,
VoltageCheck_Active,PPVDD_ECPU,mV,955.96875,782.0625,,,
VoltageCheck_Active,PPVDD_GPU_MG001,mV,50,-10,,,
VoltageCheck_Active,PPVDD_GPU_MG002,mV,688.8125,533.5,,,
VoltageCheck_Active,PPVDD_GPU_MG003,mV,711.34375,566.84375,,,
VoltageCheck_Active,PPVDD_GPU_MG004,mV,772.5,600.1875,,,
VoltageCheck_Active,PPVDD_GPU_MG005,mV,852.96875,663.84375,,,
VoltageCheck_Active,PPVDD_GPU_MG006,mV,955.96875,772.96875,,,
VoltageCheck_Active,PPVDD_GPU_MG007,mV,1049.312,857.844,,,
VoltageCheck_Active,PPVDD_S1_DCS,mV,772.5,642.625,,,
VoltageCheck_Active,PPVDD_S1_DISP,mV,692.03125,560.78125,,,
VoltageCheck_Active,PPVDD_S1_QL,mV,748.5,571,,,
VoltageCheck_Active,PPVDD_S1_SOC,mV,775.71875,618.375,,,
VoltageCheck_Active,PPVDD_S1_SRAM,mV,824,776,,,
VoltageCheck_Active,PPVDD_S2_CIO,mV,880.65,829.35,,,
VoltageCheck_Active,PPBATT_VCC,mV,4350,4250,,,
VoltageCheck_Active,PPV_BST_AUDIO,mV,4279.8,3872.2,,,
VoltageCheck_Active,PPVBUS_PROT,mV,5300,4700,,,
VoltageCheck_Active,PPVCC_HIGH,mV,4400,4200,,,
VoltageCheck_Active,PPVCENTER,mV,5300,4700,,,
VoltageCheck_Active,PP16V0_MESA_CONN,mV,16764.79875,15168.15125,,,
VoltageCheck_Active,PP1V8_S2_MESA,mV,1845,1777,,,
VoltageCheck_Active,PP3V05_S2_MESA_CONN,mV,3210.6018,2904.8302,,,
VoltageCheck_Active,PP2V90_FRONT_CAM,mV,2987,2813,,,
VoltageCheck_Active,PP1V215_REAR_CAM,mV,1275,1175,,,
VoltageCheck_Active,PP1V215_FRONT_CAM,mV,1275,1175,,,
VoltageCheck_Active,PP2V95_REAR_CAM,mV,3038,2861,,,
VoltageCheck_Active,PP1V8_S2_TOUCH,mV,1845,1777,,,
VoltageCheck_Active,PP3V3_S2_TOUCH,mV,3341,3269,,,
VoltageCheck_Active,PP1V2_S2_TOUCH,mV,1220,1177,,,
VoltageCheck_Active,PP15V0_TOUCH_FILT,mV,15600,14400,,,
VoltageCheck_Active,PP15V0_TOUCH_FILT_A2T,mV,8430,7770,,,
VoltageCheck_Active,PP15V0_TOUCH_FILT_T2A,mV,15600,14400,,,
VoltageCheck_Active,PP2V8_LANAI_M_VDDANA,mV,3200,2800,,,
VoltageCheck_Active,PP2V8_LANAI_S_VDDANA,mV,3200,2800,,,
BoostEfficiency_VBAT4V3,PP15V0_TOUCH_FILT,mV,10000,-9.00E+30,,,
BoostEfficiency_VBAT3V7_VBUSOff,Dombra_PFM_Current_Delta,mA,10,-5,,,
BoostEfficiency_VBAT3V7_VBUSOff,Dombra_PWM_Current_Delta,mA,150,20,,,
BoostEfficiency_VBAT3V7_VBUSOff,Dombra_PWM_PFM_Delta_Current,mA,120,30,,,
Backlight_MinBrightness_PWMMode_VBAT4V3,Read_Reg_0x6862,string,0x0C,,,,
Backlight_MinBrightness_PWMMode_VBAT3V2,IBATT_backlight_OFF_DEBUG,mA,150,60,,,
Backlight_MinBrightness_PWMMode_VBAT3V2,VCC_MAIN_backlight_OFF_DEBUG,mV,3250,3150,,,
Backlight_MinBrightness_PWMMode_VBAT4V3_1,IBATT_backlight_OFF,mA,150,60,,,
Backlight_MinBrightness_PWMMode_VBAT4V3_1,VCC_MAIN_backlight_OFF,mV,4350,4250,,,
Backlight_MinBrightness_PWMMode_VBAT4V3_1,PPLED_BACK_REG,mV,21000,20600,,,
Backlight_MinBrightness_PWMMode_VBAT4V3_1,Current_LEDIO1,mA,0.31,0.24,,,
Backlight_MinBrightness_PWMMode_VBAT4V3_1,Current_LEDIO2,mA,0.31,0.24,,,
Backlight_MinBrightness_PWMMode_VBAT4V3_1,Current_LEDIO3,mA,0.31,0.24,,,
Backlight_MinBrightness_PWMMode_VBAT4V3_1,Current_LEDIO4,mA,0.31,0.24,,,
Backlight_MinBrightness_PWMMode_VBAT4V3_1,Current_LEDIO5,mA,0.31,0.24,,,
Backlight_MinBrightness_PWMMode_VBAT4V3_1,Current_LEDIO6,mA,0.31,0.24,,,
Backlight_MinBrightness_PWMMode_VBAT4V3_1,Current_LEDIO7,mA,0.31,0.24,,,
Backlight_MinBrightness_PWMMode_VBAT4V3_1,Current_LEDIO8,mA,0.31,0.24,,,
Backlight_MinBrightness_PWMMode_VBAT4V3_1,Current_LEDIO9,mA,0.31,0.24,,,
Backlight_MinBrightness_PWMMode_VBAT4V3_1,Current_LEDIO10,mA,0.31,0.24,,,
Backlight_MedBrightness_PWMMode_VBAT4V3,PPLED_BACK_REG,mV,22150,21500,,,
Backlight_MedBrightness_PWMMode_VBAT4V3,Current_LEDIO1,mA,8.33,7.24,,,
Backlight_MedBrightness_PWMMode_VBAT4V3,Current_LEDIO2,mA,8.33,7.24,,,
Backlight_MedBrightness_PWMMode_VBAT4V3,Current_LEDIO3,mA,8.33,7.24,,,
Backlight_MedBrightness_PWMMode_VBAT4V3,Current_LEDIO4,mA,8.33,7.24,,,
Backlight_MedBrightness_PWMMode_VBAT4V3,Current_LEDIO5,mA,8.33,7.24,,,
Backlight_MedBrightness_PWMMode_VBAT4V3,Current_LEDIO6,mA,8.33,7.24,,,
Backlight_MedBrightness_PWMMode_VBAT4V3,Current_LEDIO7,mA,8.33,7.24,,,
Backlight_MedBrightness_PWMMode_VBAT4V3,Current_LEDIO8,mA,8.33,7.24,,,
Backlight_MedBrightness_PWMMode_VBAT4V3,Current_LEDIO9,mA,8.33,7.24,,,
Backlight_MedBrightness_PWMMode_VBAT4V3,Current_LEDIO10,mA,8.33,7.24,,,
Backlight_MedBrightness_PWMMode_VBAT4V3,IBATT_backlight_ON,mA,600,400,,,
Backlight_MedBrightness_PWMMode_VBAT4V3,VCC_MAIN_backlight_ON,mV,4350,4250,,,
Backlight_MedBrightness_PWMMode_VBAT4V3,Total_Backlight_current,mA,81,76,,,
Backlight_MaxBrightness_PWMMode_VBAT4V3,PPLED_BACK_REG,mV,23650,22000,,,
Backlight_MaxBrightness_PWMMode_VBAT4V3,IBATT_CHECK_DEBUG_Backlight,mA,1700,1400,,,
Backlight_MaxBrightness_PWMMode_VBAT4V3,Current_LEDIO1,mA,26.97,22.97,,,
Backlight_MaxBrightness_PWMMode_VBAT4V3,Current_LEDIO2,mA,26.97,22.97,,,
Backlight_MaxBrightness_PWMMode_VBAT4V3,Current_LEDIO3,mA,26.97,22.97,,,
Backlight_MaxBrightness_PWMMode_VBAT4V3,Current_LEDIO4,mA,26.97,22.97,,,
Backlight_MaxBrightness_PWMMode_VBAT4V3,Current_LEDIO5,mA,26.97,22.97,,,
Backlight_MaxBrightness_PWMMode_VBAT4V3,Current_LEDIO6,mA,26.97,22.97,,,
Backlight_MaxBrightness_PWMMode_VBAT4V3,Current_LEDIO7,mA,26.97,22.97,,,
Backlight_MaxBrightness_PWMMode_VBAT4V3,Current_LEDIO8,mA,26.97,22.97,,,
Backlight_MaxBrightness_PWMMode_VBAT4V3,Current_LEDIO9,mA,26.97,22.97,,,
Backlight_MaxBrightness_PWMMode_VBAT4V3,Current_LEDIO10,mA,26.97,22.97,,,
Backlight_MaxBrightness_PWMMode_VBAT4V3,IBATT_backlight_ON,mA,1700,1400,,,
Backlight_MaxBrightness_PWMMode_VBAT4V3,Total_Backlight_current,mA,254,242,,,
Backlight_MaxBrightness_PWMMode_VBAT4V3,Delta_IBAT_current,mA,1600,1400,,,
Backlight_MaxBrightness_PWMMode_VBAT4V3,Backlight_boost_efficiency,%,94,84,,,
Backlight_MaxBrightness_PWMMode_VBAT3V2,PPLED_BACK_REG_DEBUG,mV,23650,22000,,,
Backlight_MaxBrightness_PWMMode_VBAT3V2,Current_LEDIO1_DEBUG,mA,26.97,22.97,,,
Backlight_MaxBrightness_PWMMode_VBAT3V2,Current_LEDIO2_DEBUG,mA,26.97,22.97,,,
Backlight_MaxBrightness_PWMMode_VBAT3V2,Current_LEDIO3_DEBUG,mA,26.97,22.97,,,
Backlight_MaxBrightness_PWMMode_VBAT3V2,Current_LEDIO4_DEBUG,mA,26.97,22.97,,,
Backlight_MaxBrightness_PWMMode_VBAT3V2,Current_LEDIO5_DEBUG,mA,26.97,22.97,,,
Backlight_MaxBrightness_PWMMode_VBAT3V2,Current_LEDIO6_DEBUG,mA,26.97,22.97,,,
Backlight_MaxBrightness_PWMMode_VBAT3V2,Current_LEDIO7_DEBUG,mA,26.97,22.97,,,
Backlight_MaxBrightness_PWMMode_VBAT3V2,Current_LEDIO8_DEBUG,mA,26.97,22.97,,,
Backlight_MaxBrightness_PWMMode_VBAT3V2,Current_LEDIO9_DEBUG,mA,26.97,22.97,,,
Backlight_MaxBrightness_PWMMode_VBAT3V2,Current_LEDIO10_DEBUG,mA,26.97,22.97,,,
Backlight_MaxBrightness_PWMMode_VBAT3V2,IBATT_backlight_ON_DEBUG,mA,2300,2000,,,
Backlight_MaxBrightness_PWMMode_VBAT3V2,VCC_MAIN_backlight_ON_DEBUG,mV,3300,3100,,,
Backlight_MaxBrightness_PWMMode_VBAT3V2,Total_Backlight_current_DEBUG,mA,254,242,,,
Backlight_MaxBrightness_PWMMode_VBAT3V2,Delta_IBAT_current_DEBUG,mA,2200,1900,,,
Backlight_MaxBrightness_PWMMode_VBAT3V2,Backlight_boost_efficiency_DEBUG,%,92,83,,,
Backlight_MaxBrightness_PWMMode_VBAT3V2,Read_Reg_0x6862_1,string,0x0C,,,,
ContactContamination_PWR_GND_150K_4uA,GPIO_ORION_TO_AOP_IRQ_High,,1,1,,,
ContactContamination_PWR_GND_150K_4uA,GPIO_ORION_TO_AOP_IRQ_Low,,0,0,,,
ContactContamination_PWR_GND_150K_4uA,Voltage,mV,650,500,,,
ContactContamination_Data_GND_150K_4uA,Voltage,mV,602.71,482.29,,,
ContactContamination_Data_PWR_150K_4uA,Voltage,mV,600,500,,,
GPIOCheck_1,GPIO_POTOMAC_TO_SOC_TO_PMU_IRQ_L_LOW,,0,0,,,
ConsumerModeLSAIDcomms_PPVBUS_ORION_5V,Check_Status,,6,6,,,
ConsumerModeLSAIDcomms_PPVBUS_ORION_5V,GetID,string,0x75  0x1A  0x2B  0x3C  0x4D  0x5E  0x6F  0xF4,,,,
SwitchOver_PPVBUS_ORION_5V_NoVBUS,B2A_ACC_PWR_PRESENT_L_L_Fix,,0,0,,,
SwitchOver_PPVBUS_ORION_5V_NoVBUS,B2A_ACC_PWR_PRESENT_L_L_Diags,,0,0,,,
ConsumerModeADCRead_PPVBUS_ORION_5V,ADC_Temp,mV,112,76,,,
ConsumerModeADCRead_PPVBUS_ORION_5V,ADC_VP,mV,5200,4800,,,
ConsumerModeADCRead_PPVBUS_ORION_5V,ADC_Accessory_Power,mV,5200,4800,,,
ConsumerModeCharging_PPVBUS_ORION_5V1A,PPBATT_VCC_FB,mV,3950,3650,,,
ConsumerModeCharging_PPVBUS_ORION_5V1A,Orion_Input_PPVBUS_ORION_Volt,mV,5100,4900,,,
ConsumerModeCharging_PPVBUS_ORION_5V1A,Orion_Input_PPVBUS_PROT_Volt,mV,5130,4870,,,
ConsumerModeCharging_PPVBUS_ORION_5V1A,PPVBUS_ORION,mV,5100,4850,,,
ConsumerModeCharging_PPVBUS_ORION_5V1A,PPVBUS_PROT,mV,5100,4600,,,
ConsumerModeCharging_PPVBUS_ORION_5V1A,ORION_Current,mA,1100,950,,,
ConsumerModeCharging_PPVBUS_ORION_5V1A,DCR,ohm,0.22,0.02,,,
ConsumerModeCharging_PPVBUS_ORION_9V3A,PPVBUS_ORION,mV,9100,8600,,,
ConsumerModeCharging_PPVBUS_ORION_9V3A,PPVBUS_PROT,mV,9000,8400,,,
ConsumerModeCharging_PPVBUS_ORION_9V3A,BATT_SNS,mV,3950,3650,,,
ConsumerModeCharging_PPVBUS_ORION_9V3A,ORION_Current,mA,3200,2800,,,
ConsumerModeCharging_PPVBUS_ORION_9V3A,DCR,ohm,0.22,0.02,,,
Switchover_PPVBUS_ORION_9V_NoVBUS,GPIO_3V3_ACE2ORION_ACC_PWR_EN_L_L,,0,0,,,
ConsumerModeCharging_PPVBUS_ORION_9V3A_1,LSAID_COMMS,string,0x75  0x1A  0x2B  0x3C  0x4D  0x5E  0x6F  0xF4,,,,
Switchover_PPVBUS_ORION_9V_VBUS5V,VBUS_Confirm,mV,5300,4700,,,
Switchover_PPVBUS_ORION_9V_VBUS5V,PPVBUS_PROT,mV,5250,4750,,,
Switchover_PPVBUS_ORION_9V_VBUS5V,PPVBUS_ORION,mV,9100,8900,,,
ProviderModeLSAIDcomms_Boost5V,Check_Status,,9,9,,,
ProviderModeLSAIDcomms_Boost5V,GetID,string,0x75  0x1A  0x2B  0x3C  0x4D  0x5E  0x6F  0xF4,,,,
ProviderModeLSAIDcomms_Boost5V,PPVBUS_ORION,mV,5250,4800,,,
ProviderModeLSAIDcomms_Boost5V,PP5V2_VP,mV,5250,4800,,,
ProviderModeLSAIDcomms_Boost5V,PP1V8_INT_ORION,mV,1900,1700,,,
ProviderModeiLimit_Boost5V_CVEload50mA,Actual,mA,90,63,,,
ProviderModeiLimit_Boost5V_CVEload250mA,Actual,mA,365,260,,,
ProviderModeiLimit_Boost5V_CVEload500mA,Actual,mA,635,510,,,
ProviderModeiLimit_Boost5V_CVEload1000mA,Actual,mA,1400,1000,,,
ProviderModeiLimit_Boost5V_CVEload2000mA,Actual,mA,2500,1950,,,
BoostEfficiency_ProviderMode_VBAT4V3_BoostOff,PP5V2_VP_PassThrough,mV,4350,3900,,,
BoostEfficiency_ProviderMode_VBAT4V3_BoostOff,BATT_CURRENT_without_Eload,mA,200,35,,,
BoostEfficiency_ProviderMode_VBAT4V3_BoostOff,PPVBUS_ORION,mV,4350,3900,,,
ProviderModeOCP_Boost5V_CCEload2000mA,Eload_Current_50mA_PassThrough_CC,mA,60,40,,,
ProviderModeOCP_Boost5V_CCEload2000mA,PPVBUS_ORION_2000mA_OC,mV,5250,4800,,,
ProviderModeOCP_Boost5V_CCEload2000mA,Eload_Current_2000mA_Setting_CC,,2600,1800,,,
ProviderModeOCP_Boost5V_CCEload2000mA,Eload_Current_2000mA_Actual_CC,mA,2500,2000,,,
ProviderModeOCP_Boost5V_CCEload2000mA,PPVBUS_ORION_V_OC,mV,10,-10,,,
BoostEfficiency_ProviderMode_VBAT4V3_BoostOn,ELOAD_CURRENT,mA,1550,1450,,,
BoostEfficiency_ProviderMode_VBAT4V3_BoostOn,BATT_CURRENT_with_1500mA_Eload_Boost_On,mA,2300,1800,,,
BoostEfficiency_ProviderMode_VBAT4V3_BoostOn,Bellatrix_5v2_BST_Volt_with_1500mA_Eload_Boost_On,mV,5250,4800,,,
BoostEfficiency_ProviderMode_VBAT4V3_BoostOn,PPVCC_Main_with_Eload_Boost_On,mV,4400,4200,,,
BoostEfficiency_ProviderMode_VBAT4V3_BoostOn,Bellatrix_5V2_Efficiency,%,100,90,,,
ProviderModeDCR_Boost5V_CCEload1500mA,PP5V2_BELLATRIX2_BOOST,mV,5200,4700,,,
ProviderModeDCR_Boost5V_CCEload1500mA,PPVBUS_ORION,mV,5100,4500,,,
ProviderModeDCR_Boost5V_CCEload1500mA,EloadCurrent,mA,1650,1350,,,
ProviderModeDCR_Boost5V_CCEload1500mA,DCR,,0.22,0.02,,,
ConsumerModeHSAIDcomms_PPVBUS_ORION_9V3A,Check_Status,,6,6,,,
ConsumerModeHSAIDcomms_PPVBUS_ORION_9V3A,PPVBUS_ORION_Debug,mV,9500,8500,,,
ConsumerModeHSAIDcomms_PPVBUS_ORION_9V3A,PPVBUS_PROT_Debug,mV,9000,8400,,,
ConsumerModeHSAIDcomms_PPVBUS_ORION_9V3A,BATT_SNS,mV,3950,3650,,,
ConsumerModeHSAIDcomms_PPVBUS_ORION_9V3A,ORION_Current_Debug,mA,3200,2800,,,
ConsumerModeHSAIDcomms_PPVBUS_ORION_9V3A,Orion_LowSpeed_Comm,string,0x75  0x1A  0x2B  0x3C  0x4D  0x5E  0x6F  0xF4,,,,
FrequencyCheck,CLK_PMU_TO_WLAN_32K,Hz,32771.2,32766.2,,,
FrequencyCheck,CLK_PMU_TO_AOP_32K,Hz,32771.2,32766.2,,,
FrequencyCheck,CLK_SOC_SENSOR1_12MHZ,Hz,12010000,11990000,,,
FrequencyCheck,CLK_SOC_SENSOR0_12MHZ,Hz,12010000,11990000,,,
FrequencyCheck,TST_CLKOUT_24M,Hz,24100000,23900000,,,
FrequencyCheck,TST_CLKOUT_1M,Hz,1040000,960000,,,
BrickConnectStatus_VBUS5V,Connected,,1,1,,,
BatteryTemperatureSense_Normal,Read_POTOMAC_TBAT,C,35,15,,,
BatteryTemperatureSense_Normal,Read_NTC_Status_flag,string,0x00,,,,
BatteryTemperatureSense_Hot,Read_POTOMAC_TBAT,C,80,50,,,
BatteryTemperatureSense_Hot,Read_NTC_Status_flag,string,0x02,,,,
BatteryTemperatureSense_Cold,Read_POTOMAC_TBAT,C,10,-10,,,
BatteryTemperatureSense_Cold,Read_NTC_Status_flag,string,0x02,,,,
CurrentCheck_Battery_VBAT4V3_NoVBUS_WIFIBTBBOff,Measure,mA,130,40,,,
CurrentCheck_Battery_VBAT4V3_NoVBUS_WIFIBTOn_BBOff,Measure,mA,180,80,,,
CurrentCheck_Battery_VBAT4V3_NoVBUS_WIFIBTBBOn,Measure,mA,400,170,,,
CurrentCheck_Battery_VBAT4V3_NoVBUS,Baseline_BATT_CURRENT,mA,250,-9.00E+30,,,
CurrentCheck_Battery_VBAT4V3_NoVBUS,BATT_CURRENT,mA,250,-9.00E+30,,,
CurrentCheck_Battery_VBAT4V3_NoVBUS,BATT_CURRENT_Delta,mA,35,0,,,
TrickleCharge_VBUS5V_VBAT2V8,BATT_Current,mA,-650,-850,,,
TrickleCharge_VBUS5V_VBAT3V2,PPVCC_MAIN_SNS,mV,3750,3550,,,
TrickleCharge_VBUS5V_VBAT3V2,PPVCC_HIGH,mV,3750,3500,,,
TrickleCharge_VBUS5V_VBAT3V2,IBAT_VBAT_3.2V,mA,-1340,-1665,,,
ChargeModeThreshold_VBUS5V_IBATT2000mA,VBATT_DIR_CHG,mV,3600,3400,,,
ChargeModeThreshold_VBUS5V,VHI_MIN,mV,3700,3500,,,
ChargeModeThreshold_VBUS5V,PPVCC_MAIN_SNS_VBAT_3.7V,mV,3850,3650,,,
ChargeModeThreshold_VBUS5V,PPVCC_HIGH_VBAT_3.7V,mV,3850,3650,,,
ChargeModeThreshold_VBUS5V,PPVCC_MAIN_SNS_VBAT_3.9V,mV,4050,3880,,,
ChargeModeThreshold_VBUS5V,PPVCC_HIGH_VBAT_3.9V,mV,4050,3880,,,
StopCharge_VBUS5V,VBAT,mV,4400,4200,,,
StopCharge_VBUS5V,BATT_SNS_Start,mV,4350,4250,,,
StopCharge_VBUS5V,PPBATT_VCC_FB_Start,mV,4350,4250,,,
StopCharge_VBUS5V,VBAT_STOP_DIAGS,mV,4450,4300,,,
StopCharge_VBUS5V,BATT_SNS_Stop,mV,4400,4300,,,
StopCharge_VBUS5V,PPBATT_VCC_FB_Stop,mV,4400,4300,,,
StopCharge_VBUS5V,BATT_Current,mA,400,0,,,
BatteryRechargeThreshold_VBUS5V,IBAT,,1,1,,,
BatteryRechargeThreshold_VBUS5V,BATT_SNS,mV,4350,4180,,,
BatteryRechargeThreshold_VBUS5V,PPBATT_VCC_FB,mV,4350,4180,,,
BatteryRechargeThreshold_VBUS5V,BATT_Current,mA,-1180,-1600,,,
Temperature,THERMAL0_Instant,C,55,10,,,
Temperature,THERMAL0_Max,C,55,10,,,
Temperature,THERMAL0_Min,C,55,10,,,
Temperature,THERMAL0_Average,C,55,10,,,
Temperature,THERMAL0_Temp_CHK_5C,,1,1,,,
Temperature,THERMAL1_Instant,C,55,10,,,
Temperature,THERMAL1_Max,C,55,10,,,
Temperature,THERMAL1_Min,C,55,10,,,
Temperature,THERMAL1_Average,C,55,10,,,
Temperature,THERMAL1_Temp_CHK_5C,,1,1,,,
Temperature,THERMAL2_Instant,C,55,10,,,
Temperature,THERMAL2_Max,C,55,10,,,
Temperature,THERMAL2_Min,C,55,10,,,
Temperature,THERMAL2_Average,C,55,10,,,
Temperature,THERMAL2_Temp_CHK_5C,,1,1,,,
Temperature_Sera,TCAL,C,55,45,,,
Temperature_Sera,TDEV1,C,55,15,,,
Temperature_Sera,TDEV2,C,55,15,,,
Temperature_Sera,TDEV3,C,55,15,,,
Temperature_Sera,TDEV4,C,55,15,,,
Temperature_Sera,TDEV5,C,55,15,,,
Temperature_Sera,TDEV6,C,55,15,,,
Temperature_Sera,TDEV7,C,55,15,,,
Temperature_Sera,TDEV8,C,55,15,,,
Temperature_Simetra,TCAL,C,55,45,,,
Temperature_Simetra,TDEV1,C,55,15,,,
Temperature_Simetra,TDEV2,C,55,15,,,
Temperature_Simetra,TDEV3,C,55,15,,,
Temperature_Simetra,TDEV4,C,55,15,,,
Temperature_Simetra,TDEV5,C,55,15,,,
IbusLimitCal_PdSink_CVT_CC_VBAT3V8_VBUS5V,BATT_CURRENT_Efficiency_Debug,mA,250,50,,,
IbusLimitCal_PdSink_CVT_CC_VBAT3V8_VBUS5V,OVP_ISET_BUCK_G2000,string,0x34,,,,
IbusLimitCal_PdSink_CVT_CC_VBAT3V8_VBUS5V,PD_Contract_Check,mV,5000,5000,,,
IbusLimitCal_PdSink_CVT_CC_VBAT3V8_VBUS5V,PPVBUS_PROT_100mA,mV,5100,4900,,,
IbusLimitCal_PdSink_CVT_CC_VBAT3V8_VBUS5V,PPVBUS_FB_100mA,mV,5100,4900,,,
IbusLimitCal_PdSink_CVT_CC_VBAT3V8_VBUS5V,Ilimit_100mA,,1,1,,,
IbusLimitCal_PdSink_CVT_CC_VBAT3V8_VBUS5V,Ibus_100mA,mA,120,80,,,
IbusLimitCal_PdSink_CVT_CC_VBAT3V8_VBUS5V,PPVBUS_PROT500mA,mV,5100,4850,,,
IbusLimitCal_PdSink_CVT_CC_VBAT3V8_VBUS5V,PPVBUS_FB_500mA,mV,5100,4900,,,
IbusLimitCal_PdSink_CVT_CC_VBAT3V8_VBUS5V,Ilimit_500mA,,1,1,,,
IbusLimitCal_PdSink_CVT_CC_VBAT3V8_VBUS5V,Ibus_500mA,mA,550,450,,,
IbusLimitCal_PdSink_CVT_CC_VBAT3V8_VBUS5V,BATT_CURRENT_500mA,mA,9.00E+30,-633,,,
IbusLimitCal_PdSink_CVT_CC_VBAT3V8_VBUS5V,Charger_efficiency_500mA,%,100,85,,,
IbusLimitCal_PdSink_CVT_CC_VBAT3V8_VBUS5V,PPVBUS_PROT_1000mA,mV,5100,4850,,,
IbusLimitCal_PdSink_CVT_CC_VBAT3V8_VBUS5V,PPVBUS_FB_1000mA,mV,5100,4900,,,
IbusLimitCal_PdSink_CVT_CC_VBAT3V8_VBUS5V,Ibus_1000mA,mA,1070,930,,,
IbusLimitCal_PdSink_CVT_CC_VBAT3V8_VBUS5V,BATT_CURRENT_1000mA,mA,9.00E+30,-1411,,,
IbusLimitCal_PdSink_CVT_CC_VBAT3V8_VBUS5V,Charger_efficiency_1000mA,%,100,85,,,
IbusLimitCal_PdSink_CVT_CC_VBAT3V8_VBUS5V,PPVBUS_PROT_2100mA,mV,5100,4800,,,
IbusLimitCal_PdSink_CVT_CC_VBAT3V8_VBUS5V,PPVBUS_FB_2100mA,mV,5100,4900,,,
IbusLimitCal_PdSink_CVT_CC_VBAT3V8_VBUS5V,Ibus_2100mA,mA,2300,1950,,,
IbusLimitCal_PdSink_CVT_CC_VBAT3V8_VBUS5V,BATT_CURRENT_2100mA,mA,9.00E+30,-2977,,,
IbusLimitCal_PdSink_CVT_CC_VBAT3V8_VBUS5V,Charger_efficiency_2100mA,%,100,85,,,
IbusLimitCal_PdSink_CVT_CC_VBAT3V8_VBUS5V,PPVBUS_PROT_2400mA,mV,5100,4800,,,
IbusLimitCal_PdSink_CVT_CC_VBAT3V8_VBUS5V,PPVBUS_FB_2400mA,mV,5100,4900,,,
IbusLimitCal_PdSink_CVT_CC_VBAT3V8_VBUS5V,Ibus_2400mA,mA,2570,2220,,,
IbusLimitCal_PdSink_CVT_CC_VBAT3V8_VBUS5V,PPVBUS_PROT_3000mA,mV,5100,4800,,,
IbusLimitCal_PdSink_CVT_CC_VBAT3V8_VBUS5V,PPVBUS_USB_EMI_3000mA,mV,5100,4800,,,
IbusLimitCal_PdSink_CVT_CC_VBAT3V8_VBUS5V,PPVBUS_FB_3000mA,mV,5100,4900,,,
IbusLimitCal_PdSink_CVT_CC_VBAT3V8_VBUS5V,Ibus_3000mA,mA,3200,2800,,,
IbusLimitCal_PdSink_CVT_CC_VBAT3V8_VBUS5V,PPVCC_MAIN_SNS_3000mA,mV,9.00E+30,-4158,,,
IbusLimitCal_PdSink_CVT_CC_VBAT3V8_VBUS5V,Charger_efficiency_3000mA,%,100,85,,,
IbusLimitCal_PdSink_CVT_CC_VBAT3V8_VBUS9V,PD_Contract_Check_9V,mV,9000,9000,,,
IbusLimitCal_PdSink_CVT_CC_VBAT3V8_VBUS9V,PPVBUS_PROT_100mA,mV,9100,8900,,,
IbusLimitCal_PdSink_CVT_CC_VBAT3V8_VBUS9V,PPVBUS_FB_100mA,mV,9100,8900,,,
IbusLimitCal_PdSink_CVT_CC_VBAT3V8_VBUS9V,Ilimit_100mA,,1,1,,,
IbusLimitCal_PdSink_CVT_CC_VBAT3V8_VBUS9V,Ibus_100mA,mA,120,80,,,
IbusLimitCal_PdSink_CVT_CC_VBAT3V8_VBUS9V,PPVBUS_PROT_500mA,mV,9100,8850,,,
IbusLimitCal_PdSink_CVT_CC_VBAT3V8_VBUS9V,PPVBUS_FB_500mA,mV,9100,8900,,,
IbusLimitCal_PdSink_CVT_CC_VBAT3V8_VBUS9V,Ilimit_500mA,,1,1,,,
IbusLimitCal_PdSink_CVT_CC_VBAT3V8_VBUS9V,READ_ISET_BUCK_Actual_500mA,string,0x32,,,,
IbusLimitCal_PdSink_CVT_CC_VBAT3V8_VBUS9V,Ibus_500mA,mA,550,450,,,
IbusLimitCal_PdSink_CVT_CC_VBAT3V8_VBUS9V,BATT_CURRENT_500mA,mA,9.00E+30,-1166,,,
IbusLimitCal_PdSink_CVT_CC_VBAT3V8_VBUS9V,Charger_efficiency_500mA,%,95,75,,,
IbusLimitCal_PdSink_CVT_CC_VBAT3V8_VBUS9V,PPVBUS_PROT_1000mA,mV,9100,8850,,,
IbusLimitCal_PdSink_CVT_CC_VBAT3V8_VBUS9V,PPVBUS_FB_1000mA,mV,9100,8900,,,
IbusLimitCal_PdSink_CVT_CC_VBAT3V8_VBUS9V,Ilimit_1000mA,,1,1,,,
IbusLimitCal_PdSink_CVT_CC_VBAT3V8_VBUS9V,READ_ISET_BUCK_Actual_1000mA,string,0x4C,,,,
IbusLimitCal_PdSink_CVT_CC_VBAT3V8_VBUS9V,Ibus_1000mA,mA,1070,930,,,
IbusLimitCal_PdSink_CVT_CC_VBAT3V8_VBUS9V,BATT_CURRENT_1000mA,mA,9.00E+30,-2533,,,
IbusLimitCal_PdSink_CVT_CC_VBAT3V8_VBUS9V,Charger_efficiency_1000mA,%,95,75,,,
IbusLimitCal_PdSink_CVT_CC_VBAT3V8_VBUS9V,PPVBUS_PROT_1500mA,mV,9100,8850,,,
IbusLimitCal_PdSink_CVT_CC_VBAT3V8_VBUS9V,PPVBUS_FB_1500mA,mV,9100,8900,,,
IbusLimitCal_PdSink_CVT_CC_VBAT3V8_VBUS9V,Ilimit_1500mA,,1,1,,,
IbusLimitCal_PdSink_CVT_CC_VBAT3V8_VBUS9V,READ_ISET_BUCK_Actual_1500mA,string,0x65,,,,
IbusLimitCal_PdSink_CVT_CC_VBAT3V8_VBUS9V,Ibus_1500mA,mA,1600,1400,,,
IbusLimitCal_PdSink_CVT_CC_VBAT3V8_VBUS9V,PPVBUS_PROT_2000mA,mV,9100,8850,,,
IbusLimitCal_PdSink_CVT_CC_VBAT3V8_VBUS9V,PPVBUS_FB_2000mA,mV,9100,8900,,,
IbusLimitCal_PdSink_CVT_CC_VBAT3V8_VBUS9V,Ilimit_2000mA,,1,1,,,
IbusLimitCal_PdSink_CVT_CC_VBAT3V8_VBUS9V,READ_ISET_BUCK_Actual_2000mA,string,0x7E,,,,
IbusLimitCal_PdSink_CVT_CC_VBAT3V8_VBUS9V,Ibus_2000mA,mA,2150,1850,,,
IbusLimitCal_PdSink_CVT_CC_VBAT3V8_VBUS9V,BATT_CURRENT_2000mA,mA,9.00E+30,-5015,,,
IbusLimitCal_PdSink_CVT_CC_VBAT3V8_VBUS9V,Charger_efficiency_2000mA,%,95,75,,,
IbusLimitCal_PdSink_CVT_CC_VBAT3V8_VBUS9V,PPVBUS_USB_EMI_3000mA,mV,9100,8900,,,
IbusLimitCal_PdSink_CVT_CC_VBAT3V8_VBUS9V,PPVBUS_PROT_3000mA,mV,9100,8700,,,
IbusLimitCal_PdSink_CVT_CC_VBAT3V8_VBUS9V,PPVBUS_FB_3000mA,mV,9100,8900,,,
IbusLimitCal_PdSink_CVT_CC_VBAT3V8_VBUS9V,Ilimit_3000mA,,1,1,,,
IbusLimitCal_PdSink_CVT_CC_VBAT3V8_VBUS9V,READ_ISET_BUCK_Actual_3000mA,string,0xB0,,,,
IbusLimitCal_PdSink_CVT_CC_VBAT3V8_VBUS9V,Ibus_3000mA,mA,3200,2800,,,
IbusLimitCal_PdSink_CVT_CC_VBAT3V8_VBUS9V,BATT_CURRENT3000mA,mA,9.00E+30,-6042,,,
IbusLimitCal_PdSink_CVT_CC_VBAT3V8_VBUS9V,ELOAD_CURRENT3000mA,mA,1100,900,,,
IbusLimitCal_PdSink_CVT_CC_VBAT3V8_VBUS9V,Charger_efficiency_3000mA,%,95,75,,,
IbusLimitCal_PdSink_CVT_CC_VBAT3V8_VBUS12V,PD_Contract_Check_12V,mV,12000,12000,,,
IbusLimitCal_PdSink_CVT_CC_VBAT3V8_VBUS12V,PPVBUS_PROT_100mA,mV,12100,11900,,,
IbusLimitCal_PdSink_CVT_CC_VBAT3V8_VBUS12V,PPVBUS_FB_100mA,mV,12100,11900,,,
IbusLimitCal_PdSink_CVT_CC_VBAT3V8_VBUS12V,Ilimit_100mA,,1,1,,,
IbusLimitCal_PdSink_CVT_CC_VBAT3V8_VBUS12V,Ibus_100mA,mA,120,80,,,
IbusLimitCal_PdSink_CVT_CC_VBAT3V8_VBUS12V,PPVBUS_PROT_1000mA,mV,12100,11850,,,
IbusLimitCal_PdSink_CVT_CC_VBAT3V8_VBUS12V,PPVBUS_FB_1000mA,mV,12100,11900,,,
IbusLimitCal_PdSink_CVT_CC_VBAT3V8_VBUS12V,Ilimit_1000mA,,1,1,,,
IbusLimitCal_PdSink_CVT_CC_VBAT3V8_VBUS12V,READ_ISET_BUCK_Actual_1000mA,string,0x4C,,,,
IbusLimitCal_PdSink_CVT_CC_VBAT3V8_VBUS12V,Ibus_1000mA,mA,1070,930,,,
IbusLimitCal_PdSink_CVT_CC_VBAT3V8_VBUS12V,BATT_CURRENT_1000mA,mA,9.00E+30,-3346,,,
IbusLimitCal_PdSink_CVT_CC_VBAT3V8_VBUS12V,Charger_efficiency_1000mA,%,95,75,,,
IbusLimitCal_PdSink_CVT_CC_VBAT3V8_VBUS12V,PPVBUS_PROT_500mA,mV,12100,11900,,,
IbusLimitCal_PdSink_CVT_CC_VBAT3V8_VBUS12V,PPVBUS_FB_500mA,mV,12100,11900,,,
IbusLimitCal_PdSink_CVT_CC_VBAT3V8_VBUS12V,Ilimit_500mA,,1,1,,,
IbusLimitCal_PdSink_CVT_CC_VBAT3V8_VBUS12V,READ_ISET_BUCK_Actual_500mA,string,0x32,,,,
IbusLimitCal_PdSink_CVT_CC_VBAT3V8_VBUS12V,Ibus_500mA,mA,550,450,,,
IbusLimitCal_PdSink_CVT_CC_VBAT3V8_VBUS12V,BATT_CURRENT_500mA,mA,9.00E+30,-1563,,,
IbusLimitCal_PdSink_CVT_CC_VBAT3V8_VBUS12V,Charger_efficiency_500mA,%,95,75,,,
IbusLimitCal_PdSink_CVT_CC_VBAT3V8_VBUS12V,PPVBUS_PROT_1500mA,mV,12100,11800,,,
IbusLimitCal_PdSink_CVT_CC_VBAT3V8_VBUS12V,PPVBUS_FB_1500mA,mV,12100,11900,,,
IbusLimitCal_PdSink_CVT_CC_VBAT3V8_VBUS12V,Ilimit_1500mA,,1,1,,,
IbusLimitCal_PdSink_CVT_CC_VBAT3V8_VBUS12V,READ_ISET_BUCK_Actual_1500mA,string,0x65,,,,
IbusLimitCal_PdSink_CVT_CC_VBAT3V8_VBUS12V,Ibus_1500mA,mA,1600,1400,,,
IbusLimitCal_PdSink_CVT_CC_VBAT3V8_VBUS12V,PPVBUS_PROT_2000mA,mV,12100,11800,,,
IbusLimitCal_PdSink_CVT_CC_VBAT3V8_VBUS12V,PPVBUS_FB_2000mA,mV,12100,11900,,,
IbusLimitCal_PdSink_CVT_CC_VBAT3V8_VBUS12V,Ilimit_2000mA,,1,1,,,
IbusLimitCal_PdSink_CVT_CC_VBAT3V8_VBUS12V,READ_ISET_BUCK_Actual_2000mA,string,0x7E,,,,
IbusLimitCal_PdSink_CVT_CC_VBAT3V8_VBUS12V,Ibus_2000mA,mA,2150,1850,,,
IbusLimitCal_PdSink_CVT_CC_VBAT3V8_VBUS12V,BATT_CURRENT_2000mA,mA,9.00E+30,-5322,,,
IbusLimitCal_PdSink_CVT_CC_VBAT3V8_VBUS12V,ELOAD_CURRENT_2000mA,mA,1100,900,,,
IbusLimitCal_PdSink_CVT_CC_VBAT3V8_VBUS12V,Charger_efficiency_2000mA,%,95,75,,,
IbusLimitCal_PdSink_CVT_CC_VBAT3V8_VBUS15V,PD_Contract_Check_15V,mV,15000,15000,,,
IbusLimitCal_PdSink_CVT_CC_VBAT3V8_VBUS15V,PPVBUS_PROT_100mA,mV,15100,14900,,,
IbusLimitCal_PdSink_CVT_CC_VBAT3V8_VBUS15V,PPVBUS_FB_100mA,mV,15100,14900,,,
IbusLimitCal_PdSink_CVT_CC_VBAT3V8_VBUS15V,Ilimit_100mA,,1,1,,,
IbusLimitCal_PdSink_CVT_CC_VBAT3V8_VBUS15V,Ibus_100mA,mA,120,80,,,
IbusLimitCal_PdSink_CVT_CC_VBAT3V8_VBUS15V,PPVBUS_PROT_1000mA,mV,15100,14850,,,
IbusLimitCal_PdSink_CVT_CC_VBAT3V8_VBUS15V,PPVBUS_FB_1000mA,mV,15100,14900,,,
IbusLimitCal_PdSink_CVT_CC_VBAT3V8_VBUS15V,Ilimit_1000mA,,1,1,,,
IbusLimitCal_PdSink_CVT_CC_VBAT3V8_VBUS15V,READ_ISET_BUCK_Actual_1000mA,string,0x4C,,,,
IbusLimitCal_PdSink_CVT_CC_VBAT3V8_VBUS15V,Ibus_1000mA,mA,1070,930,,,
IbusLimitCal_PdSink_CVT_CC_VBAT3V8_VBUS15V,BATT_CURRENT1000mA,mA,9.00E+30,-4130,,,
IbusLimitCal_PdSink_CVT_CC_VBAT3V8_VBUS15V,Charger_efficiency_1000mA,%,95,75,,,
IbusLimitCal_PdSink_CVT_CC_VBAT3V8_VBUS15V,PPVBUS_PROT_500mA,mV,15100,14850,,,
IbusLimitCal_PdSink_CVT_CC_VBAT3V8_VBUS15V,PPVBUS_FB_500mA,mV,15100,14900,,,
IbusLimitCal_PdSink_CVT_CC_VBAT3V8_VBUS15V,Ilimit_500mA,,1,1,,,
IbusLimitCal_PdSink_CVT_CC_VBAT3V8_VBUS15V,READ_ISET_BUCK_Actual_500mA,string,0x32,,,,
IbusLimitCal_PdSink_CVT_CC_VBAT3V8_VBUS15V,Ibus_500mA,mA,550,450,,,
IbusLimitCal_PdSink_CVT_CC_VBAT3V8_VBUS15V,BATT_CURRENT500mA,mA,9.00E+30,-1940,,,
IbusLimitCal_PdSink_CVT_CC_VBAT3V8_VBUS15V,Charger_efficiency_500mA,%,95,75,,,
IbusLimitCal_PdSink_CVT_CC_VBAT3V8_VBUS15V,PPVBUS_PROT_1500mA,mV,15100,14800,,,
IbusLimitCal_PdSink_CVT_CC_VBAT3V8_VBUS15V,PPVBUS_FB_1500mA,mV,15100,14900,,,
IbusLimitCal_PdSink_CVT_CC_VBAT3V8_VBUS15V,Ilimit_1500mA,,1,1,,,
IbusLimitCal_PdSink_CVT_CC_VBAT3V8_VBUS15V,READ_ISET_BUCK_Actual_1500mA,string,0x65,,,,
IbusLimitCal_PdSink_CVT_CC_VBAT3V8_VBUS15V,Ibus_1500mA,mA,1600,1400,,,
IbusLimitCal_PdSink_CVT_CC_VBAT3V8_VBUS15V,PPVBUS_PROT_2000mA,mV,15100,14800,,,
IbusLimitCal_PdSink_CVT_CC_VBAT3V8_VBUS15V,PPVBUS_FB_2000mA,mV,15100,14900,,,
IbusLimitCal_PdSink_CVT_CC_VBAT3V8_VBUS15V,Ilimit_2000mA,,1,1,,,
IbusLimitCal_PdSink_CVT_CC_VBAT3V8_VBUS15V,READ_ISET_BUCK_Actual_2000mA,string,0x7E,,,,
IbusLimitCal_PdSink_CVT_CC_VBAT3V8_VBUS15V,Ibus_2000mA,mA,2150,1850,,,
IbusLimitCal_PdSink_CVT_CC_VBAT3V8_VBUS15V,BATT_CURRENT2000mA,mA,9.00E+30,-6125,,,
IbusLimitCal_PdSink_CVT_CC_VBAT3V8_VBUS15V,ELOAD_CURRENT2000mA,mA,1650,1350,,,
IbusLimitCal_PdSink_CVT_CC_VBAT3V8_VBUS15V,Charger_efficiency_2000mA,%,95,75,,,
BuckBoostEfficiency_VBAT4V35_PPVBUS_PROT_4V25,PP_IBATT,mA,2500,1900,,,
BuckBoostEfficiency_VBAT4V35_PPVBUS_PROT_4V25,VBUS_CURRENT,mA,6,-1,,,
BuckBoostEfficiency_VBAT4V35_PPVBUS_PROT_4V25,VBUS_FB_Volt,mV,5400,4600,,,
BuckBoostEfficiency_VBAT4V35_PPVBUS_PROT_4V25,PPVCC_MAIN_SNS,mV,4400,4200,,,
BuckBoostEfficiency_VBAT4V35_PPVBUS_PROT_4V25,PPBATT_VCC_FB,mV,4400,4300,,,
BuckBoostEfficiency_VBAT4V35_PPVBUS_PROT_4V25,VBUS_FB_Volt_5V,mV,4500,4200,,,
BuckBoostEfficiency_VBAT4V35_PPVBUS_PROT_4V25,VBUS_FB_Volt_Suspend_Charge,mV,4460,4260,,,
BuckBoostEfficiency_VBAT4V35_PPVBUS_PROT_4V25,VBUS_CURRENT_Suspend_Charge,mA,2850,2000,,,
BuckBoostEfficiency_VBAT4V35_PPVBUS_PROT_4V25,PPVBUS_PROT_Suspend_Charge,mV,4350,4150,,,
BuckBoostEfficiency_VBAT4V35_PPVBUS_PROT_4V25,PPBATT_VCC_FB_Suspend_Charge,mV,4450,4250,,,
BuckBoostEfficiency_VBAT4V35_PPVBUS_PROT_4V25,PPVCC_MAIN_SNS_Suspend_Charge,mV,4500,4200,,,
BuckBoostEfficiency_VBAT4V35_PPVBUS_PROT_4V25,BATT_CURRENT_Suspend_Charge,mA,5,-5,,,
BuckBoostEfficiency_VBAT4V35_PPVBUS_PROT_4V25,Result,%,94,84,,,
BuckBoostEfficiency_VBAT4V35_PPVBUS_PROT_4V25,IBAT_ICHG_L1_HCCM,mA,-1180,-1600,,,
BoostEfficiency_VBAT3V2_VBUS5V,BATT_CURRENT_without_Eload,mA,250,50,,,
BoostEfficiency_VBAT3V2_VBUS5V,Eload_Current,mA,1050,950,,,
BoostEfficiency_VBAT3V2_VBUS5V,Measure_IBUS,mA,10,0,,,
BoostEfficiency_VBAT3V2_VBUS5V,PPVCC_HIGH,mV,3430,3360,,,
BoostEfficiency_VBAT3V2_VBUS5V,PPVCC_MAIN,mV,3230,3150,,,
BoostEfficiency_VBAT3V2_VBUS5V,BATT_CURRENT_with_Eload,mA,1600,1200,,,
BoostEfficiency_VBAT3V2_VBUS5V,Efficiency,%,96,87,,,
IbattLimit_Constant_I_VBAT3V9_VBUS15V,BATT_CURRENT_5.19A,mA,-4700,-5700,,,
IbattLimit_Constant_I_VBAT3V9_VBUS15V,Reg_read_0x7E6E_Default,,1,1,,,
IbattLimit_Constant_I_VBAT3V9_VBUS15V,PMU_VBAT,mV,4000,3860,,,
IbattLimit_Constant_I_VBAT3V9_VBUS15V,VBAT_ERROR,%,2,-2,,,
IbattLimit_Constant_I_VBAT3V9_VBUS15V,PMU_IBAT_OUT,mA,-500,-9000,,,
IbattLimit_Constant_I_VBAT3V9_VBUS15V,IBAT_ERROR,%,90,-80,,,
IbattLimit_Constant_I_VBAT3V9_VBUS15V,Reg_read_0x7E6E,,0,0,,,
IbattLimit_Constant_I_VBAT3V9_VBUS15V,PMU_VBAT_1,mV,4000,3860,,,
IbattLimit_Constant_I_VBAT3V9_VBUS15V,VBAT_ERROR_1,%,2,-2,,,
IbattLimit_Constant_I_VBAT3V9_VBUS15V,PMU_IBAT_OUT_1,mA,-3200,-7000,,,
IbattLimit_Constant_I_VBAT3V9_VBUS15V,IBAT_ERROR_1,%,40,-35,,,
IbattLimit_Constant_I_VBAT3V9_VBUS15V,BATT_SNS_5.19A_15V2A5,mV,4000,3800,,,
IbattLimit_Constant_I_VBAT3V9_VBUS15V,PPBATT_VCC_FB_5.19A,mV,4000,3800,,,
IbattLimit_Constant_I_VBAT3V9_VBUS15V,BATT_CURRENT_3.708A,mA,-3340,-4140,,,
IbattLimit_Constant_I_VBAT3V9_VBUS15V,BATT_SNS_3.708A,mV,4000,3800,,,
IbattLimit_Constant_I_VBAT3V9_VBUS15V,PPBATT_VCC_FB_3.708A,mV,4000,3800,,,
IbattLimit_Constant_I_VBAT3V9_VBUS15V,BATT_CURRENT_2.970A,mA,-2680,-3320,,,
IbattLimit_Constant_I_VBAT3V9_VBUS15V,BATT_SNS_2.970A,mV,4000,3800,,,
IbattLimit_Constant_I_VBAT3V9_VBUS15V,PPBATT_VCC_FB_2.970A,mV,4000,3800,,,
LDCM_MUX_Off,Voltage_Channel_THD,dB,-45,-110,,,
LDCM_MUX_Off,TIA_Channel_THD,dB,-40,-110,,,
LDCM_MUX_Off,Calculated_Resistance,Ohms,9.00E+30,3000000,,,
LDCM_MUX_Off,Calculated_Capacitance,nF,0.5,-0.5,,,
LDCM_MUX_Off,Calculated_Impedance_Magnitude,Ohms,9.00E+30,1500000,,,
LDCM_ZREF_110Hz,Voltage_Channel_THD,dB,-45,-110,,,
LDCM_ZREF_110Hz,TIA_Channel_THD,dB,-40,-110,,,
LDCM_ZREF_110Hz,Leakage_Current_THD,dB,-12,-110,,,
LDCM_ZREF_110Hz,Calculated_Resistance,Ohms,5800,5200,,,
LDCM_ZREF_110Hz,Calculated_Capacitance,nF,3.5,-0.5,,,
LDCM_ZREF_110Hz,Calculated_Impedance_Magnitude,Ohms,5800,5200,,,
LDCM_Trace_Open,Voltage_Channel_THD,dB,-45,-110,,,
LDCM_Trace_Open,TIA_Channel_THD,dB,-40,-110,,,
LDCM_Trace_Open,Calculated_Resistance,Ohms,9.00E+30,3000000,,,
LDCM_Trace_Open,Calculated_Capacitance,nF,0.5,-0.5,,,
LDCM_Trace_Open,Calculated_Impedance_Magnitude,Ohms,9.00E+30,1500000,,,
LDCM_Trace_1nF,Voltage_Channel_THD,dB,-45,-110,,,
LDCM_Trace_1nF,TIA_Channel_THD,dB,-40,-110,,,
LDCM_Trace_1nF,Leakage_Current_THD,dB,-12,-110,,,
LDCM_Trace_1nF,Calculated_Resistance,Ohms,9.00E+30,1250000,,,
LDCM_Trace_1nF,Calculated_Capacitance,nF,1.25,0.95,,,
LDCM_Trace_1nF,Calculated_Impedance_Magnitude,Ohms,1400000,1100000,,,
LDCM_Trace_2nF,Voltage_Channel_THD,dB,-45,-110,,,
LDCM_Trace_2nF,TIA_Channel_THD,dB,-40,-110,,,
LDCM_Trace_2nF,Leakage_Current_THD,dB,-12,-110,,,
LDCM_Trace_2nF,Calculated_Resistance,Ohms,9.00E+30,1250000,,,
LDCM_Trace_2nF,Calculated_Capacitance,nF,2.3,1.9,,,
LDCM_Trace_2nF,Calculated_Impedance_Magnitude,Ohms,725000,630000,,,
LDCM_Trace_3nF,Voltage_Channel_THD,dB,-45,-110,,,
LDCM_Trace_3nF,TIA_Channel_THD,dB,-40,-110,,,
LDCM_Trace_3nF,Leakage_Current_THD,dB,-12,-110,,,
LDCM_Trace_3nF,Calculated_Resistance,Ohms,9.00E+30,1250000,,,
LDCM_Trace_3nF,Calculated_Capacitance,nF,3.4,2.9,,,
LDCM_Trace_3nF,Calculated_Impedance_Magnitude,Ohms,480000,430000,,,
LDCM_Trace_1M,Voltage_Channel_THD,dB,-45,-110,,,
LDCM_Trace_1M,TIA_Channel_THD,dB,-40,-110,,,
LDCM_Trace_1M,Leakage_Current_THD,dB,-12,-110,,,
LDCM_Trace_1M,Calculated_Resistance,Ohms,1050000,950000,,,
LDCM_Trace_1M,Calculated_Capacitance,nF,0.5,-0.5,,,
LDCM_Trace_1M,Calculated_Impedance_Magnitude,Ohms,1050000,950000,,,
LDCM_Trace_1M5,Voltage_Channel_THD,dB,-45,-110,,,
LDCM_Trace_1M5,TIA_Channel_THD,dB,-40,-110,,,
LDCM_Trace_1M5,Leakage_Current_THD,dB,-12,-110,,,
LDCM_Trace_1M5,Calculated_Resistance,Ohms,1600000,1400000,,,
LDCM_Trace_1M5,Calculated_Capacitance,nF,0.5,-0.5,,,
LDCM_Trace_1M5,Calculated_Impedance_Magnitude,Ohms,1650000,1350000,,,
LDCM_Trace_300K1nF5,Voltage_Channel_THD,dB,-45,-110,,,
LDCM_Trace_300K1nF5,TIA_Channel_THD,dB,-40,-110,,,
LDCM_Trace_300K1nF5,Leakage_Current_THD,dB,-12,-110,,,
LDCM_Trace_300K1nF5,Calculated_Resistance,Ohms,315000,285000,,,
LDCM_Trace_300K1nF5,Calculated_Capacitance,nF,1.8,1.45,,,
LDCM_Trace_300K1nF5,Calculated_Impedance_Magnitude,Ohms,300000,270000,,,
LDCM_Trace_10K200nF,Voltage_Channel_THD,dB,-45,-110,,,
LDCM_Trace_10K200nF,TIA_Channel_THD,dB,-40,-110,,,
LDCM_Trace_10K200nF,Leakage_Current_THD,dB,-12,-110,,,
LDCM_Trace_10K200nF,Calculated_Resistance,Ohms,10500,9500,,,
LDCM_Trace_10K200nF,Calculated_Capacitance,nF,215,180,,,
LDCM_Trace_10K200nF,Calculated_Impedance_Magnitude,Ohms,6300,5600,,,
LDCM_AceSBU1_Open,Voltage_Channel_THD,dB,-45,-110,,,
LDCM_AceSBU1_Open,TIA_Channel_THD,dB,-40,-110,,,
LDCM_AceSBU1_Open,Calculated_Resistance,Ohms,9.00E+30,3000000,,,
LDCM_AceSBU1_Open,Calculated_Capacitance,nF,0.5,-9.00E+30,,,
LDCM_AceSBU1_Open,Calculated_Impedance_Magnitude,Ohms,9.00E+30,1500000,,,
LDCM_AceSBU1_1nF,Voltage_Channel_THD,dB,-45,-110,,,
LDCM_AceSBU1_1nF,TIA_Channel_THD,dB,-40,-110,,,
LDCM_AceSBU1_1nF,Leakage_Current_THD,dB,-12,-110,,,
LDCM_AceSBU1_1nF,Calculated_Resistance,Ohms,9.00E+30,1250000,,,
LDCM_AceSBU1_1nF,Calculated_Capacitance,nF,1.7,0.3,,,
LDCM_AceSBU1_1nF,Calculated_Impedance_Magnitude,Ohms,2170294,723431,,,
LDCM_AceSBU1_2nF,Voltage_Channel_THD,dB,-45,-110,,,
LDCM_AceSBU1_2nF,TIA_Channel_THD,dB,-40,-110,,,
LDCM_AceSBU1_2nF,Leakage_Current_THD,dB,-12,-110,,,
LDCM_AceSBU1_2nF,Calculated_Resistance,Ohms,9.00E+30,1250000,,,
LDCM_AceSBU1_2nF,Calculated_Capacitance,nF,3.4,0.6,,,
LDCM_AceSBU1_2nF,Calculated_Impedance_Magnitude,Ohms,940461,506402,,,
LDCM_AceSBU1_3nF,Voltage_Channel_THD,dB,-45,-110,,,
LDCM_AceSBU1_3nF,TIA_Channel_THD,dB,-40,-110,,,
LDCM_AceSBU1_3nF,Leakage_Current_THD,dB,-12,-110,,,
LDCM_AceSBU1_3nF,Calculated_Resistance,Ohms,9.00E+30,1250000,,,
LDCM_AceSBU1_3nF,Calculated_Capacitance,nF,5.1,0.9,,,
LDCM_AceSBU1_3nF,Calculated_Impedance_Magnitude,Ohms,626974,337601,,,
LDCM_AceSBU1_1M,Voltage_Channel_THD,dB,-40,-110,,,
LDCM_AceSBU1_1M,TIA_Channel_THD,dB,-40,-110,,,
LDCM_AceSBU1_1M,Leakage_Current_THD,dB,-12,-110,,,
LDCM_AceSBU1_1M,Calculated_Resistance,Ohms,1050000,950000,,,
LDCM_AceSBU1_1M,Calculated_Capacitance,nF,1,-0.5,,,
LDCM_AceSBU1_1M,Calculated_Impedance_Magnitude,Ohms,1300000,700000,,,
LDCM_AceSBU1_1M5,Voltage_Channel_THD,dB,-45,-110,,,
LDCM_AceSBU1_1M5,TIA_Channel_THD,dB,-40,-110,,,
LDCM_AceSBU1_1M5,Leakage_Current_THD,dB,-12,-110,,,
LDCM_AceSBU1_1M5,Calculated_Resistance,Ohms,1600000,1400000,,,
LDCM_AceSBU1_1M5,Calculated_Capacitance,nF,1,-0.5,,,
LDCM_AceSBU1_1M5,Calculated_Impedance_Magnitude,Ohms,2250000,750000,,,
LDCM_AceSBU1_300K1nF5,Voltage_Channel_THD,dB,-45,-110,,,
LDCM_AceSBU1_300K1nF5,TIA_Channel_THD,dB,-40,-110,,,
LDCM_AceSBU1_300K1nF5,Leakage_Current_THD,dB,-12,-110,,,
LDCM_AceSBU1_300K1nF5,Calculated_Resistance,Ohms,315000,285000,,,
LDCM_AceSBU1_300K1nF5,Calculated_Capacitance,nF,2.55,0.45,,,
LDCM_AceSBU1_300K1nF5,Calculated_Impedance_Magnitude,Ohms,372404,200525,,,
LDCM_AceSBU1_10K200nF,Voltage_Channel_THD,dB,-45,-110,,,
LDCM_AceSBU1_10K200nF,TIA_Channel_THD,dB,-40,-110,,,
LDCM_AceSBU1_10K200nF,Leakage_Current_THD,dB,-12,-110,,,
LDCM_AceSBU1_10K200nF,Calculated_Resistance,Ohms,10500,9500,,,
LDCM_AceSBU1_10K200nF,Calculated_Capacitance,nF,260,140,,,
LDCM_AceSBU1_10K200nF,Calculated_Impedance_Magnitude,Ohms,7619,4102,,,
LDCM_AceSBU2_Open,Voltage_Channel_THD,dB,-45,-9.00E+30,,,
LDCM_AceSBU2_Open,TIA_Channel_THD,dB,-40,-9.00E+30,,,
LDCM_AceSBU2_Open,Voltage_Channel_SNR,dB,9.00E+30,30,,,
LDCM_AceSBU2_Open,Voltage_SNR_closest_freq,Hz,125,100,,,
LDCM_AceSBU2_Open,TIA_Channel_SNR,dB,9.00E+30,30,,,
LDCM_AceSBU2_Open,TIA_SNR_closest_freq,Hz,125,100,,,
LDCM_AceSBU2_Open,Current_SNR_closest_freq,Hz,125,100,,,
LDCM_AceSBU2_Open,Voltage_Channel_Amplitude,Ratio_FS,0.11,0.05,,,
LDCM_AceSBU2_Open,TIA_Channel_Amplitude,Ratio_FS,0.25,0.05,,,
LDCM_AceSBU2_Open,Calculated_Resistance,Ohms,9.00E+30,3000000,,,
LDCM_AceSBU2_Open,Calculated_Capacitance,nF,0.5,-9.00E+30,,,
LDCM_AceSBU2_Open,Calculated_Impedance_Magnitude,Ohms,9.00E+30,1500000,,,
LDCM_AceSBU2_1nF,Voltage_Channel_THD,dB,-45,-9.00E+30,,,
LDCM_AceSBU2_1nF,TIA_Channel_THD,dB,-40,-9.00E+30,,,
LDCM_AceSBU2_1nF,Leakage_Current_THD,dB,-12,-9.00E+30,,,
LDCM_AceSBU2_1nF,Voltage_Channel_SNR,dB,9.00E+30,30,,,
LDCM_AceSBU2_1nF,Voltage_SNR_closest_freq,Hz,125,100,,,
LDCM_AceSBU2_1nF,TIA_Channel_SNR,dB,9.00E+30,30,,,
LDCM_AceSBU2_1nF,TIA_SNR_closest_freq,Hz,125,100,,,
LDCM_AceSBU2_1nF,Leakage_Current_SNR,dB,9.00E+30,6,,,
LDCM_AceSBU2_1nF,Current_SNR_closest_freq,Hz,125,100,,,
LDCM_AceSBU2_1nF,Voltage_Channel_Amplitude,Ratio_FS,0.11,0.05,,,
LDCM_AceSBU2_1nF,TIA_Channel_Amplitude,Ratio_FS,0.25,0.05,,,
LDCM_AceSBU2_1nF,Calculated_Resistance,Ohms,9.00E+30,1250000,,,
LDCM_AceSBU2_1nF,Calculated_Capacitance,nF,1.7,0.3,,,
LDCM_AceSBU2_1nF,Calculated_Impedance_Magnitude,Ohms,2170294,723431,,,
LDCM_AceSBU2_2nF,Voltage_Channel_THD,dB,-45,-9.00E+30,,,
LDCM_AceSBU2_2nF,TIA_Channel_THD,dB,-40,-9.00E+30,,,
LDCM_AceSBU2_2nF,Leakage_Current_THD,dB,-12,-9.00E+30,,,
LDCM_AceSBU2_2nF,Voltage_Channel_SNR,dB,9.00E+30,30,,,
LDCM_AceSBU2_2nF,Voltage_SNR_closest_freq,Hz,125,100,,,
LDCM_AceSBU2_2nF,TIA_Channel_SNR,dB,9.00E+30,30,,,
LDCM_AceSBU2_2nF,TIA_SNR_closest_freq,Hz,125,100,,,
LDCM_AceSBU2_2nF,Leakage_Current_SNR,dB,9.00E+30,6,,,
LDCM_AceSBU2_2nF,Current_SNR_closest_freq,Hz,125,100,,,
LDCM_AceSBU2_2nF,Voltage_Channel_Amplitude,Ratio_FS,0.11,0.05,,,
LDCM_AceSBU2_2nF,TIA_Channel_Amplitude,Ratio_FS,0.25,0.05,,,
LDCM_AceSBU2_2nF,Calculated_Resistance,Ohms,9.00E+30,1250000,,,
LDCM_AceSBU2_2nF,Calculated_Capacitance,nF,3.4,0.6,,,
LDCM_AceSBU2_2nF,Calculated_Impedance_Magnitude,Ohms,940461,506402,,,
LDCM_AceSBU2_3nF,Voltage_Channel_THD,dB,-45,-9.00E+30,,,
LDCM_AceSBU2_3nF,TIA_Channel_THD,dB,-40,-9.00E+30,,,
LDCM_AceSBU2_3nF,Leakage_Current_THD,dB,-12,-9.00E+30,,,
LDCM_AceSBU2_3nF,Voltage_Channel_SNR,dB,9.00E+30,30,,,
LDCM_AceSBU2_3nF,Voltage_SNR_closest_freq,Hz,125,100,,,
LDCM_AceSBU2_3nF,TIA_Channel_SNR,dB,9.00E+30,30,,,
LDCM_AceSBU2_3nF,TIA_SNR_closest_freq,Hz,125,100,,,
LDCM_AceSBU2_3nF,Leakage_Current_SNR,dB,9.00E+30,6,,,
LDCM_AceSBU2_3nF,Current_SNR_closest_freq,Hz,125,100,,,
LDCM_AceSBU2_3nF,Voltage_Channel_Amplitude,Ratio_FS,0.11,0.05,,,
LDCM_AceSBU2_3nF,TIA_Channel_Amplitude,Ratio_FS,0.25,0.05,,,
LDCM_AceSBU2_3nF,Calculated_Resistance,Ohms,9.00E+30,1250000,,,
LDCM_AceSBU2_3nF,Calculated_Capacitance,nF,5.1,0.9,,,
LDCM_AceSBU2_3nF,Calculated_Impedance_Magnitude,Ohms,626974,337601,,,
LDCM_AceSBU2_1M,Voltage_Channel_THD,dB,-45,-9.00E+30,,,
LDCM_AceSBU2_1M,TIA_Channel_THD,dB,-40,-9.00E+30,,,
LDCM_AceSBU2_1M,Leakage_Current_THD,dB,-12,-9.00E+30,,,
LDCM_AceSBU2_1M,Voltage_Channel_SNR,dB,9.00E+30,30,,,
LDCM_AceSBU2_1M,Voltage_SNR_closest_freq,Hz,125,100,,,
LDCM_AceSBU2_1M,TIA_Channel_SNR,dB,9.00E+30,30,,,
LDCM_AceSBU2_1M,TIA_SNR_closest_freq,Hz,125,100,,,
LDCM_AceSBU2_1M,Leakage_Current_SNR,dB,9.00E+30,6,,,
LDCM_AceSBU2_1M,Current_SNR_closest_freq,Hz,125,100,,,
LDCM_AceSBU2_1M,Voltage_Channel_Amplitude,Ratio_FS,0.11,0.05,,,
LDCM_AceSBU2_1M,TIA_Channel_Amplitude,Ratio_FS,0.25,0.05,,,
LDCM_AceSBU2_1M,Calculated_Resistance,Ohms,1300000,700000,,,
LDCM_AceSBU2_1M,Calculated_Capacitance,nF,3.5,-9.00E+30,,,
LDCM_AceSBU2_1M,Calculated_Impedance_Magnitude,Ohms,1300000,700000,,,
LDCM_AceSBU2_1M5,Voltage_Channel_THD,dB,-45,-9.00E+30,,,
LDCM_AceSBU2_1M5,TIA_Channel_THD,dB,-40,-9.00E+30,,,
LDCM_AceSBU2_1M5,Leakage_Current_THD,dB,-12,-9.00E+30,,,
LDCM_AceSBU2_1M5,Voltage_Channel_SNR,dB,9.00E+30,30,,,
LDCM_AceSBU2_1M5,Voltage_SNR_closest_freq,Hz,125,100,,,
LDCM_AceSBU2_1M5,TIA_Channel_SNR,dB,9.00E+30,30,,,
LDCM_AceSBU2_1M5,TIA_SNR_closest_freq,Hz,125,100,,,
LDCM_AceSBU2_1M5,Leakage_Current_SNR,dB,9.00E+30,6,,,
LDCM_AceSBU2_1M5,Current_SNR_closest_freq,Hz,125,100,,,
LDCM_AceSBU2_1M5,Voltage_Channel_Amplitude,Ratio_FS,0.11,0.05,,,
LDCM_AceSBU2_1M5,TIA_Channel_Amplitude,Ratio_FS,0.25,0.05,,,
LDCM_AceSBU2_1M5,Calculated_Resistance,Ohms,1950000,1050000,,,
LDCM_AceSBU2_1M5,Calculated_Capacitance,nF,3.5,-9.00E+30,,,
LDCM_AceSBU2_1M5,Calculated_Impedance_Magnitude,Ohms,2250000,750000,,,
LDCM_AceSBU2_300K1nF5,Voltage_Channel_THD,dB,-45,-9.00E+30,,,
LDCM_AceSBU2_300K1nF5,TIA_Channel_THD,dB,-40,-9.00E+30,,,
LDCM_AceSBU2_300K1nF5,Leakage_Current_THD,dB,-12,-9.00E+30,,,
LDCM_AceSBU2_300K1nF5,Voltage_Channel_SNR,dB,9.00E+30,30,,,
LDCM_AceSBU2_300K1nF5,Voltage_SNR_closest_freq,Hz,125,100,,,
LDCM_AceSBU2_300K1nF5,TIA_Channel_SNR,dB,9.00E+30,30,,,
LDCM_AceSBU2_300K1nF5,TIA_SNR_closest_freq,Hz,125,100,,,
LDCM_AceSBU2_300K1nF5,Leakage_Current_SNR,dB,9.00E+30,6,,,
LDCM_AceSBU2_300K1nF5,Current_SNR_closest_freq,Hz,125,100,,,
LDCM_AceSBU2_300K1nF5,Voltage_Channel_Amplitude,Ratio_FS,0.11,0.05,,,
LDCM_AceSBU2_300K1nF5,TIA_Channel_Amplitude,Ratio_FS,0.25,0.05,,,
LDCM_AceSBU2_300K1nF5,Calculated_Resistance,Ohms,390000,210000,,,
LDCM_AceSBU2_300K1nF5,Calculated_Capacitance,nF,2.55,0.45,,,
LDCM_AceSBU2_300K1nF5,Calculated_Impedance_Magnitude,Ohms,372404,200525,,,
LDCM_AceSBU2_10K200nF,Voltage_Channel_THD,dB,-45,-9.00E+30,,,
LDCM_AceSBU2_10K200nF,TIA_Channel_THD,dB,-40,-9.00E+30,,,
LDCM_AceSBU2_10K200nF,Leakage_Current_THD,dB,-12,-9.00E+30,,,
LDCM_AceSBU2_10K200nF,Voltage_Channel_SNR,dB,9.00E+30,30,,,
LDCM_AceSBU2_10K200nF,Voltage_SNR_closest_freq,Hz,125,100,,,
LDCM_AceSBU2_10K200nF,TIA_Channel_SNR,dB,9.00E+30,30,,,
LDCM_AceSBU2_10K200nF,TIA_SNR_closest_freq,Hz,125,100,,,
LDCM_AceSBU2_10K200nF,Leakage_Current_SNR,dB,9.00E+30,6,,,
LDCM_AceSBU2_10K200nF,Current_SNR_closest_freq,Hz,125,100,,,
LDCM_AceSBU2_10K200nF,Voltage_Channel_Amplitude,Ratio_FS,0.11,0.05,,,
LDCM_AceSBU2_10K200nF,TIA_Channel_Amplitude,Ratio_FS,0.25,0.05,,,
LDCM_AceSBU2_10K200nF,Calculated_Resistance,Ohms,13000,7000,,,
LDCM_AceSBU2_10K200nF,Calculated_Capacitance,nF,260,140,,,
LDCM_AceSBU2_10K200nF,Calculated_Impedance_Magnitude,Ohms,7619,4102,,,
LDCM_Loopback,Voltage_Channel_THD,dB,-45,-110,,,
LDCM_Loopback,TIA_Channel_THD,dB,-40,-110,,,
LDCM_Loopback,Leakage_Current_THD,dB,-12,-110,,,
LDCM_Loopback,Voltage_Channel_SNR,dB,9.00E+30,30,,,
LDCM_Loopback,Voltage_SNR_closest_freq,Hz,125,100,,,
LDCM_Loopback,TIA_Channel_SNR,dB,9.00E+30,30,,,
LDCM_Loopback,TIA_SNR_closest_freq,Hz,125,100,,,
LDCM_Loopback,Leakage_Current_SNR,dB,9.00E+30,6,,,
LDCM_Loopback,Current_SNR_closest_freq,Hz,125,100,,,
LDCM_Loopback,Voltage_Channel_Amplitude,Ratio_FS,0.11,0.05,,,
LDCM_Loopback,TIA_Channel_Amplitude,Ratio_FS,0.25,0.05,,,
LDCM_Loopback,Calculated_Resistance,Ohms,26250,23750,,,
LDCM_Loopback,Calculated_Capacitance,nF,0.5,-0.5,,,
LDCM_Loopback,Calculated_Impedance_Magnitude,Ohms,26250,23750,,,
LDCM_MUX_Off,GPIO_LDCM_TO_AOP_INVALID_High,,1,1,,,
LDCM_Trace_Default,GPIO_LDCM_TO_AOP_INVALID_Low,,0,0,,,
LDCM_Trace_OVP5V,GPIO_LDCM_TO_AOP_INVALID_High,,1,1,,,
LDCM_Trace_OVP0V,GPIO_LDCM_TO_AOP_INVALID_Low,,0,0,,,
LDCM_Trace_OVP17V,GPIO_LDCM_TO_AOP_INVALID_High,,1,1,,,
LDCM_Trace_OVP0V,GPIO_LDCM_TO_AOP_INVALID_Low_Post,,0,0,,,
LDCM_Initial_CC1Enabled_VBUSOn,PPVBUS_USB_EMI,mV,6000,4000,,,
LDCM_Initial_CC1Enabled_VBUSOn,ACE_CC_Status,,1,1,,,
LDCM_Initial_CC1Enabled_VBUSOn,PPVBUS_USB_EMI_1,mV,6000,4000,,,
LDCM_CC1Disabled_VBUSOff,ACE_CC_Status,,0,0,,,
LDCM_CC1Disabled_VBUSOff,PPVBUS_USB_EMI,mV,500,-500,,,
LDCM_CC1Enabled_VBUSOn,ACE_CC_Status,,1,1,,,
LDCM_CC1Enabled_VBUSOn,PPVBUS_USB_EMI,mV,6000,4000,,,
FR_DmicC3_PDM1KHz,DMIC1_FREQ,Hz,1100,900,,,
FR_DmicC3_PDM1KHz,DMIC1_Peak_Magnitude,FS,0.05,0.02,,,
FR_DmicFHC_PDM1KHz,DMIC2_FREQ,Hz,1100,900,,,
FR_DmicFHC_PDM1KHz,DMIC2_Peak_Magnitude,FS,0.05,0.02,,,
Info_Boost,IBATT_CHECK_DEBUG_speaker_start_Borris,mA,130,30,,,
Info_Boost,IBATT_CHECK_DEBUG_speaker_start_Borris2,mA,150,50,,,
Info_Boost_Master,OTP_REV_CHECK,,1,1,,,
BoostOperatingState_Master_IDLE,Maintenance_Check,,512,512,,,
AmpIVSense_CNWoofer_Info,IBATT_CHECK_DEBUG_speaker_end_Borris,mA,130,30,,,
AmpIVSense_CNWoofer_Info,IBATT_CHECK_DEBUG_speaker_start_CN_W_2,mA,150,50,,,
AmpIVSense_CNWoofer_IDLE_Measurement,Frequency_P,HZ,472900,471900,,,
AmpIVSense_CNWoofer_IDLE_Measurement,V_Peak_to_Peak_P,mV,4600,4000,,,
AmpIVSense_CNWoofer_IDLE_Measurement,Duty_Cycle_P,%,56,44,,,
AmpIVSense_CNWoofer_IDLE_Measurement,Frequency_N,HZ,472900,471900,,,
AmpIVSense_CNWoofer_IDLE_Measurement,V_Peak_to_Peak_N,mV,4600,4000,,,
AmpIVSense_CNWoofer_IDLE_Measurement,Duty_Cycle_N,%,56,44,,,
AmpIVSense_CNWoofer_IDLE_Measurement,PPV_BST_AUDIO,mV,12360,11640,,,
AmpIVSense_CNWoofer_IDLE_Measurement,IBATT_CHECK_DEBUG_speaker_end_CN_W,mA,150,50,,,
AmpIVSense_FHWoofer_Info,IBATT_CHECK_DEBUG_speaker_start_FH_W_2,mA,150,50,,,
AmpIVSense_FHWoofer_IDLE_Measurement,Frequency_P,HZ,472900,471900,,,
AmpIVSense_FHWoofer_IDLE_Measurement,V_Peak_to_Peak_P,mV,4600,4000,,,
AmpIVSense_FHWoofer_IDLE_Measurement,Duty_Cycle_P,%,56,44,,,
AmpIVSense_FHWoofer_IDLE_Measurement,Frequency_N,HZ,472900,471900,,,
AmpIVSense_FHWoofer_IDLE_Measurement,V_Peak_to_Peak_N,mV,4600,4000,,,
AmpIVSense_FHWoofer_IDLE_Measurement,Duty_Cycle_N,%,56,44,,,
AmpIVSense_FHWoofer_IDLE_Measurement,PPV_BST_AUDIO,mV,12360,11640,,,
AmpIVSense_FHWoofer_IDLE_Measurement,IBATT_CHECK_DEBUG_speaker_end_FH_W,mA,150,50,,,
AmpIVSense_CNWoofer_4R_VBAT4V3,IBATT_CHECK_DEBUG_speaker_after_audio_r_l_w,mA,150,50,,,
AmpIVSense_CNWoofer_4R_VBAT4V3,IBATT_CHECK_DEBUG_speaker_loopaudio_l_w,mA,150,50,,,
AmpIVSense_CNWoofer_4R_VBAT4V3,CN_W_VMON_RMS,,1.2,0.9,,,
AmpIVSense_CNWoofer_4R_VBAT4V3,CN_W_IMON_RMS,,300,250,,,
AmpIVSense_CNWoofer_4R_VBAT4V3,CN_W_VMON_PP,,3.5,2.8,,,
AmpIVSense_CNWoofer_4R_VBAT4V3,CN_W_IMON_PP,,850,700,,,
AmpIVSense_CNWoofer_4R_VBAT4V3,CN_W_Rdc,ohm,4.5,3.85,,,
AmpIVSense_CNWoofer_4R_VBAT4V3,CN_W_VMON_FREQ,Hz,2700,2300,,,
AmpIVSense_CNWoofer_4R_VBAT4V3,CN_W_IMON_FREQ,Hz,2700,2300,,,
AmpIVSense_CNWoofer_4R_VBAT4V3,CN_W_VMON_FFT_PeakMagnitude,,1250,1000,,,
AmpIVSense_CNWoofer_4R_VBAT4V3,CN_W_IMON_FFT_PeakMagnitude,,1550,1300,,,
AmpIVSense_CNWoofer_4R_VBAT4V3,CN_W_boost_voltage,V,12.5,11.5,,,
AmpIVSense_CNWoofer_4R_VBAT4V3,CN_W_battery_voltage,V,5.5,2.5,,,
AmpIVSense_CNWoofer_4R_VBAT4V3,CN_W_THDN_VMON,dB,-55,-9999,,,
AmpIVSense_CNWoofer_4R_VBAT4V3,CN_W_THDN_IMON,dB,-45,-9999,,,
AmpIVSense_CNWoofer_4R_VBAT4V3,CN_W_boost_voltage_Track,V,12.5,9,,,
AmpIVSense_FHWoofer_4R_VBAT4V3,IBATT_CHECK_DEBUG_speaker_after_audio_r_l_w,mA,150,50,,,
AmpIVSense_FHWoofer_4R_VBAT4V3,IBATT_CHECK_DEBUG_speaker_loopaudio_l_w,mA,150,50,,,
AmpIVSense_FHWoofer_4R_VBAT4V3,FH_W_VMON_RMS,,1.2,0.9,,,
AmpIVSense_FHWoofer_4R_VBAT4V3,FH_W_IMON_RMS,,300,250,,,
AmpIVSense_FHWoofer_4R_VBAT4V3,FH_W_VMON_PP,,3.5,2.8,,,
AmpIVSense_FHWoofer_4R_VBAT4V3,FH_W_IMON_PP,,850,700,,,
AmpIVSense_FHWoofer_4R_VBAT4V3,FH_W_Rdc,ohm,4.5,3.85,,,
AmpIVSense_FHWoofer_4R_VBAT4V3,FH_W_VMON_FREQ,Hz,2700,2300,,,
AmpIVSense_FHWoofer_4R_VBAT4V3,FH_W_IMON_FREQ,Hz,2700,2300,,,
AmpIVSense_FHWoofer_4R_VBAT4V3,FH_W_VMON_FFT_PeakMagnitude,,1250,1000,,,
AmpIVSense_FHWoofer_4R_VBAT4V3,FH_W_IMON_FFT_PeakMagnitude,,1550,1300,,,
AmpIVSense_FHWoofer_4R_VBAT4V3,FH_W_boost_voltage,V,12.5,11.5,,,
AmpIVSense_FHWoofer_4R_VBAT4V3,FH_W_battery_voltage,V,5.5,2.5,,,
AmpIVSense_FHWoofer_4R_VBAT4V3,FH_W_THDN_VMON,dB,-55,-9999,,,
AmpIVSense_FHWoofer_4R_VBAT4V3,FH_W_THDN_IMON,dB,-45,-9999,,,
AmpIVSense_FHWoofer_4R_VBAT4V3,FH_W_boost_voltage_Track,V,12.5,9,,,
AmpIVSense_CNWoofer_4R_VBAT4V3_1,IBATT_CHECK_DEBUG_speaker_end_FH_W_VMON_IMON,mA,130,30,,,
AmpIVSense_FHWoofer_4R_VBAT4V3_1,IBATT_CHECK_DEBUG_speaker_end_FH_T_VMON_IMON,mA,130,30,,,
BoostBrownoutThreshold_Master,IBATT_CHECK_DEBUG_speaker_start_register,mA,130,30,,,
BoostBrownoutThreshold_Master,Read_VBAT,mV,3500,3300,,,
BoostBrownoutThreshold_Master,Read_INT_REGISTER_3_0x2818,,0,0,,,
BoostBrownoutThreshold_Master,IBATT_CHECK_DEBUG_speaker_end_register,mA,130,30,,,
BoostCTRL_CNWooferToMaster_IDLE,IBATT_CHECK_DEBUG_audio_r_cn_l_w_mt,mA,150,50,,,
BoostCTRL_CNWooferToMaster_IDLE,CN_W_BYP_EN_H_Pre,,512,512,,,
BoostCTRL_CNWooferToMaster_TONE,CN_W_BYP_EN_L_Post,,0,0,,,
BoostCTRL_FHWooferToMaster_IDLE,IBATT_CHECK_DEBUG_audio_r_fh_w_mt,mA,150,50,,,
BoostCTRL_FHWooferToMaster_IDLE,FH_W_BYP_EN_H_Pre,,512,512,,,
BoostCTRL_FHWooferToMaster_TONE,FH_W_BYP_EN_L_Post,,0,0,,,
BoostIRQCheck_Master_VBAT4V3,IBATT_CHECK_DEBUG_speaker_start_VPBR,mA,150,50,,,
AmpIVSense_CNWoofer_IRQCheck_MUTE,IBATT_CHECK_DEBUG_speaker_start_AMP_IRQ_CHECK,mA,150,50,,,
AmpIVSense_CNWoofer_IRQCheck_MUTE,GPIO_SPKAMP_TO_SOC_IRQ_LOW,,0,0,,,
AmpIVSense_CNWoofer_IRQCheck_MUTE,Clear_SPK_CN_W,,1,1,,,
AmpIVSense_FHWoofer_IRQCheck_MUTE,GPIO_SPKAMP_TO_SOC_IRQ_LOW,,0,0,,,
AmpIVSense_FHWoofer_IRQCheck_MUTE,Clear_SPK_FH_W,,1,1,,,
AmpIVSense_FHWoofer_IRQCheck,GPIO_SPKAMP_TO_SOC_IRQ_L_Low_1,,0,0,,,
AmpIVSense_FHWoofer_IRQCheck,GPIO_SPKAMP_TO_SOC_IRQ_L_High_1,,1,1,,,
AmpIVSense_CNWoofer_IRQCheck,GPIO_SPKAMP_TO_SOC_IRQ_L_Low_2,,0,0,,,
AmpIVSense_CNWoofer_IRQCheck,GPIO_SPKAMP_TO_SOC_IRQ_L_High_2,,1,1,,,
Discharge_SpeakerBoost,IBATT_CHECK_DEBUG_speaker_end,mA,130,30,,,
PerfState_State0_VBAT4V3,Get_ECPU_voltage,mV,627.65625,494.09375,,,
PerfState_State0_VBAT4V3,PPVDD_ECPU_ME001,mV,627.65625,494.09375,,,
PerfState_State0_VBAT4V3,PPVDD_CPU_SRAM_MES001,mV,795.03125,748.71875,,,
PerfState_State0_VBAT4V3,PPVDD_ECPU_Percentage,%,5,-4,,,
PerfState_State0_VBAT4V3,System_Current_with_WIFIBTOff,mA,120,40,,,
PerfState_State0_VBAT4V3,Get_SoC_voltage,mV,730.65625,597.15625,,,
PerfState_State0_VBAT4V3,PPVDD_S1_SOC_MS001,mV,730.65625,597.15625,,,
PerfState_State0_VBAT4V3,PPVDD_S1_DCS_MD001,mV,659.84375,609.28125,,,
PerfState_State0_VBAT4V3,PPVDD_S1_DISP_MI001,mV,692.03125,560.78125,,,
PerfState_State0_VBAT4V3,PP0V8_S1_SOC_FIXED,mV,829.15,780.85,,,
PerfState_State0_VBAT4V3,PP1V06_S2,mV,1097.98,1034.02,,,
PerfState_State0_VBAT4V3,PPVDD_S1_SRAM,mV,824,776,,,
PerfState_State0_VBAT4V3,PP0V72_S2_VDDLOW,mV,772.5,727.5,,,
PerfState_State0_VBAT4V3,PPVDD_S2_CIO,mV,880.65,829.35,,,
PerfState_State0_VBAT4V3,PPVDD_S1_SOC_Percentage,%,5,-4,,,
PerfState_State1_VBAT4V3,Get_ECPU_voltage,mV,682.375,530.46875,,,
PerfState_State1_VBAT4V3,PPVDD_ECPU_ME002,mV,682.375,530.46875,,,
PerfState_State1_VBAT4V3,PPVDD_CPU_SRAM_MES002,mV,795.03125,748.71875,,,
PerfState_State1_VBAT4V3,PPVDD_ECPU_Percentage,%,5,-4,,,
PerfState_State1_VBAT4V3,System_Current_with_WIFIBTOff,mA,120,40,,,
PerfState_State1_VBAT4V3,Get_SoC_voltage,mV,775.71875,618.375,,,
PerfState_State1_VBAT4V3,PPVDD_S1_SOC_MS002,mV,775.71875,618.375,,,
PerfState_State1_VBAT4V3,PPVDD_S1_DCS_MD002,mV,772.5,642.625,,,
PerfState_State1_VBAT4V3,PPVDD_S1_DISP_MI002,mV,824,633.53125,,,
PerfState_State1_VBAT4V3,PPVDD_S1_SOC_Percentage,%,5,-4,,,
PerfState_State2_VBAT4V3,Get_ECPU_voltage,mV,756.40625,588.0625,,,
PerfState_State2_VBAT4V3,PPVDD_ECPU_ME003,mV,756.40625,588.0625,,,
PerfState_State2_VBAT4V3,PPVDD_CPU_SRAM_MES003,mV,824,776,,,
PerfState_State2_VBAT4V3,PPVDD_ECPU_Percentage,%,5,-4,,,
PerfState_State2_VBAT4V3,System_Current_with_WIFIBTOff,mA,120,40,,,
PerfState_State2_VBAT4V3,Get_SoC_voltage,mV,950,830.5,,,
PerfState_State2_VBAT4V3,PPVDD_S1_SOC_MS003,mV,972.0625,830.5625,,,
PerfState_State2_VBAT4V3,PPVDD_S1_DCS_MD003,mV,878.71875,727.5,,,
PerfState_State2_VBAT4V3,PPVDD_S1_DISP_MI003,mV,910.90625,751.75,,,
PerfState_State3_VBAT4V3,Get_ECPU_voltage,mV,830.4375,663.84375,,,
PerfState_State3_VBAT4V3,PPVDD_ECPU_ME004,mV,830.4375,663.84375,,,
PerfState_State3_VBAT4V3,PPVDD_CPU_SRAM_MES004,mV,914.125,860.875,,,
PerfState_State3_VBAT4V3,PPVDD_ECPU_Percentage,%,5,-4,,,
PerfState_State3_VBAT4V3,System_Current_with_WIFIBTOff,mA,120,40,,,
PerfState_State4_VBAT4V3,Get_ECPU_voltage,mV,955.96875,782.0625,,,
PerfState_State4_VBAT4V3,PPVDD_ECPU_ME005,mV,955.96875,782.0625,,,
PerfState_State4_VBAT4V3,PPVDD_CPU_SRAM_MES005,mV,991.375,933.625,,,
PerfState_State4_VBAT4V3,PPVDD_ECPU_Percentage,%,5,-4,,,
PerfState_State4_VBAT4V3,System_Current_with_WIFIBTOff,mA,130,40,,,
PerfState_State4_VBAT4V3,Delta_System_Current_0_and_4,,20,-5,,,
PerfState_State4_VBAT4V3,Delta_System_Current_1_and_4,,20,-5,,,
PerfState_State4_VBAT4V3,Delta_System_Current_2_and_4,,20,-5,,,
PerfState_State4_VBAT4V3,Delta_System_Current_3_and_4,,20,-5,,,
PerfState_State5_VBAT4V3,Get_CPU_voltage,mV,675.9375,515.3125,,,
PerfState_State5_VBAT4V3,PPVDD_CPU_MP001,mV,675.9375,515.3125,,,
PerfState_State5_VBAT4V3,PPVDD_CPU_SRAM_MPS001,mV,804.6875,757.8125,,,
PerfState_State5_VBAT4V3,PPVDD_CPU_Percentage,%,4,-4,,,
PerfState_State5_VBAT4V3,System_Current_with_WIFIBTOff,mA,120,40,,,
PerfState_State4_VBAT4V3,Delta_System_Current_5_and_4,,20,-5,,,
PerfState_State6_VBAT4V3,Get_CPU_voltage,mV,701.6875,542.59375,,,
PerfState_State6_VBAT4V3,PPVDD_CPU_MP101,mV,701.6875,542.59375,,,
PerfState_State6_VBAT4V3,PPVDD_CPU_SRAM_MPS101,mV,804.6875,757.8125,,,
PerfState_State6_VBAT4V3,PPVDD_CPU_Percentage,%,4,-4,,,
PerfState_State6_VBAT4V3,System_Current_with_WIFIBTOff,mA,120,40,,,
PerfState_State6_VBAT4V3,Delta_System_Current_4_and_6,,20,-5,,,
PerfState_State7_VBAT4V3,Get_CPU_voltage,mV,743.53125,566.84375,,,
PerfState_State7_VBAT4V3,PPVDD_CPU_MP102,mV,743.53125,566.84375,,,
PerfState_State7_VBAT4V3,PPVDD_CPU_SRAM_MPS102,mV,804.6875,757.8125,,,
PerfState_State7_VBAT4V3,PPVDD_CPU_Percentage,%,4,-4,,,
PerfState_State7_VBAT4V3,System_Current_with_WIFIBTOff,mA,120,40,,,
PerfState_State7_VBAT4V3,Delta_System_Current_4_and_7,,20,-5,,,
PerfState_State8_VBAT4V3,Get_CPU_voltage,mV,772.5,612.3125,,,
PerfState_State8_VBAT4V3,PPVDD_CPU_MP002,mV,772.5,612.3125,,,
PerfState_State8_VBAT4V3,PPVDD_CPU_SRAM_MPS002,mV,824,776,,,
PerfState_State8_VBAT4V3,PPVDD_CPU_Percentage,%,4,-4,,,
PerfState_State8_VBAT4V3,System_Current_with_WIFIBTOff,mA,120,40,,,
PerfState_State8_VBAT4V3,Delta_System_Current_4_and_8,,20,-5,,,
PerfState_State9_VBAT4V3,Get_CPU_voltage,mV,798.25,630.5,,,
PerfState_State9_VBAT4V3,PPVDD_CPU_MP103,mV,798.25,630.5,,,
PerfState_State9_VBAT4V3,PPVDD_CPU_SRAM_MPS103,mV,836.875,788.125,,,
PerfState_State9_VBAT4V3,PPVDD_CPU_Percentage,%,4,-4,,,
PerfState_State9_VBAT4V3,System_Current_with_WIFIBTOff,mA,120,40,,,
PerfState_State9_VBAT4V3,Delta_System_Current_4_and_9,,20,0,,,
PerfState_State10_VBAT4V3,Get_CPU_voltage,mV,830.4375,660.8125,,,
PerfState_State10_VBAT4V3,PPVDD_CPU_MP003,mV,830.4375,660.8125,,,
PerfState_State10_VBAT4V3,PPVDD_CPU_SRAM_MPS003,mV,856.1875,806.3125,,,
PerfState_State10_VBAT4V3,PPVDD_CPU_Percentage,%,4,-4,,,
PerfState_State10_VBAT4V3,System_Current_with_WIFIBTOff,mA,120,40,,,
PerfState_State10_VBAT4V3,Delta_System_Current_4_and_10,,20,0,,,
PerfState_State11_VBAT4V3,Get_CPU_voltage,mV,849.75,679,,,
PerfState_State11_VBAT4V3,PPVDD_CPU_MP104,mV,849.75,679,,,
PerfState_State11_VBAT4V3,PPVDD_CPU_SRAM_MPS104,mV,891.59375,839.65625,,,
PerfState_State11_VBAT4V3,PPVDD_CPU_Percentage,%,4,-4,,,
PerfState_State11_VBAT4V3,System_Current_with_WIFIBTOff,mA,130,40,,,
PerfState_State11_VBAT4V3,Delta_System_Current_4_and_11,,20,0,,,
PerfState_State12_VBAT4V3,Get_CPU_voltage,mV,885.15625,706.28125,,,
PerfState_State12_VBAT4V3,PPVDD_CPU_MP004,mV,885.15625,706.28125,,,
PerfState_State12_VBAT4V3,PPVDD_CPU_SRAM_MPS004,mV,936.65625,882.09375,,,
PerfState_State12_VBAT4V3,PPVDD_CPU_Percentage,%,4,-4,,,
PerfState_State12_VBAT4V3,VBATT_CHECK_DEBUG_SocPerfState,mV,4350,4250,,,
PerfState_State12_VBAT4V3,IBATT_CHECK_DEBUG_SocPerfState,mA,130,40,,,
PerfState_State12_VBAT4V3,System_Current_with_WIFIBTOff,mA,130,40,,,
PerfState_State12_VBAT4V3,Delta_System_Current_4_and_12,,20,0,,,
PerfState_State13_VBAT4V3,Get_CPU_voltage,mV,923.78125,745.6875,,,
PerfState_State13_VBAT4V3,PPVDD_CPU_MP005,mV,923.78125,745.6875,,,
PerfState_State13_VBAT4V3,PPVDD_CPU_SRAM_MPS005,mV,981.71875,924.53125,,,
PerfState_State13_VBAT4V3,PPVDD_CPU_Percentage,%,4,-4,,,
PerfState_State13_VBAT4V3,System_Current_with_WIFIBTOff,mA,130,60,,,
PerfState_State13_VBAT4V3,Delta_System_Current_4_and_13,,30,0,,,
PerfState_State14_VBAT4V3,Get_CPU_voltage,mV,978.5,797.21875,,,
PerfState_State14_VBAT4V3,PPVDD_CPU_MP006,mV,978.5,797.21875,,,
PerfState_State14_VBAT4V3,PPVDD_CPU_SRAM_MPS006,mV,1033.21875,973.03125,,,
PerfState_State14_VBAT4V3,PPVDD_CPU_Percentage,%,4,-4,,,
PerfState_State14_VBAT4V3,System_Current_with_WIFIBTOff,mA,130,60,,,
PerfState_State14_VBAT4V3,Delta_System_Current_4_and_14,,40,0,,,
PerfState_State15_VBAT4V3,Get_CPU_voltage,mV,1020.34375,836.625,,,
PerfState_State15_VBAT4V3,PPVDD_CPU_MP007,mV,1020.34375,836.625,,,
PerfState_State15_VBAT4V3,PPVDD_CPU_SRAM_MPS007,mV,1084.71875,1021.53125,,,
PerfState_State15_VBAT4V3,PPVDD_CPU_Percentage,%,4,-4,,,
PerfState_State15_VBAT4V3,System_Current_with_WIFIBTOff,mA,150,60,,,
PerfState_State15_VBAT4V3,Delta_System_Current_4_and_15,,50,0,,,
PerfState_State16_VBAT4V3,Get_CPU_voltage,mV,1110.46875,897.25,,,
PerfState_State16_VBAT4V3,PPVDD_CPU_MP008,mV,1110.46875,897.25,,,
PerfState_State16_VBAT4V3,PPVDD_CPU_SRAM_MPS008,mV,1113.6875,1048.8125,,,
PerfState_State16_VBAT4V3,PPVDD_CPU_Percentage,%,4,-4,,,
PerfState_State16_VBAT4V3,System_Current_with_WIFIBTOff,mA,160,60,,,
PerfState_State16_VBAT4V3,Delta_System_Current_4_and_16,,70,10,,,
PerfState_State17_VBAT4V3,Get_CPU_voltage,mV,1110.46875,897.25,,,
PerfState_State17_VBAT4V3,PPVDD_CPU_MP009,mV,1110.46875,897.25,,,
PerfState_State17_VBAT4V3,PPVDD_CPU_SRAM_MPS009,mV,1113.6875,1048.8125,,,
PerfState_State17_VBAT4V3,PPVDD_CPU_Percentage,%,4,-4,,,
PerfState_State17_VBAT4V3,System_Current_with_WIFIBTOff,mA,160,60,,,
PerfState_State17_VBAT4V3,Delta_System_Current_4_and_17,,70,10,,,
PerfState_State18_VBAT4V3,Get_CPU_voltage,mV,1110.46875,897.25,,,
PerfState_State18_VBAT4V3,PPVDD_CPU_MP00A,mV,1110.46875,897.25,,,
PerfState_State18_VBAT4V3,PPVDD_CPU_SRAM_MPS00A,mV,1113.6875,1048.8125,,,
PerfState_State18_VBAT4V3,PPVDD_CPU_Percentage,%,4,-4,,,
PerfState_State18_VBAT4V3,System_Current_with_WIFIBTOff,mA,160,60,,,
PerfState_State18_VBAT4V3,Delta_System_Current_4_and_18,,70,10,,,
PerfState_State19_VBAT4V3,Get_CPU_voltage,mV,1110.46875,897.25,,,
PerfState_State19_VBAT4V3,PPVDD_CPU_MP105,mV,1110.46875,897.25,,,
PerfState_State19_VBAT4V3,PPVDD_CPU_SRAM_MPS105,mV,1113.6875,1048.8125,,,
PerfState_State19_VBAT4V3,PPVDD_CPU_Percentage,%,4,-4,,,
PerfState_State19_VBAT4V3,System_Current_with_WIFIBTOff,mA,160,60,,,
PerfState_State19_VBAT4V3,Delta_System_Current_4_and_19,,70,10,,,
CurrentCheck_Hibernation,IBUS,mA,50,0,,,
CurrentCheck_Hibernation,BATT_CURRENT,mA,35,1,,,
VoltageCheck_Hibernation,PP1V8_S2,mV,1845,1777,,,
VoltageCheck_Hibernation,PP1V8_S2_TOUCH,mV,10,-5,,,
VoltageCheck_Hibernation,PP1V8_SW1_IO,mV,5,-5,,,
VoltageCheck_Hibernation,PPVDD_S1_SRAM,mV,5,-5,,,
VoltageCheck_Hibernation,PPVDD_S2_CIO,mV,880.65,829.35,,,
VoltageCheck_Hibernation,PP2V63_NAND,mV,5,-5,,,
VoltageCheck_Hibernation,PPVDD_S1_QL,mV,5,-5,,,
VoltageCheck_Hibernation,PP3V3_BSB,mV,5,-5,,,
VoltageCheck_Hibernation,PP1V8_LDCM,mV,5,-5,,,
VoltageCheck_Hibernation,PP1V06_S2,mV,1097.98,1034.02,,,
VoltageCheck_Hibernation,PP1V2_MOLY_FLEX_VDDIO_CONN,mV,1295,1224,,,
VoltageCheck_Hibernation,PP1V25_S2,mV,1287.5,1212.5,,,
VoltageCheck_Hibernation,PP1V2_IO,mV,5,-5,,,
VoltageCheck_Hibernation,PP1V2_NAND,mV,5,-5,,,
VoltageCheck_Hibernation,PP0V72_S2_VDDLOW,mV,772.5,727.5,,,
VoltageCheck_Hibernation,PP0V88_S1,mV,5,-5,,,
VoltageCheck_Hibernation,PP0V88_NAND,mV,5,-5,,,
VoltageCheck_Hibernation,PP0V8_S1_SOC_FIXED,mV,5,-5,,,
VoltageCheck_Hibernation,PP1V8_PHOS_FILT,mV,1845,1777,,,
VoltageCheck_Hibernation,PP1V8_S2_KOBOL_A_FILT,mV,1845,1777,,,
VoltageCheck_Hibernation,PPVDD_S1_SOC,mV,5,-5,,,
VoltageCheck_Hibernation,PPVDD_CPU_SRAM,mV,5,-5,,,
VoltageCheck_Hibernation,PPVDD_CPU,mV,5,-5,,,
VoltageCheck_Hibernation,PPVDD_GPU,mV,5,-5,,,
VoltageCheck_Hibernation,PPVDD_S1_DCS,mV,5,-5,,,
VoltageCheck_Hibernation,PPVDD_S1_DISP,mV,5,-5,,,
VoltageCheck_Hibernation,PPVDD_ECPU,mV,5,-5,,,
VoltageCheck_Hibernation,PP3V3_S2_ACE_PARROT,mV,3342,3265,,,
VoltageCheck_Hibernation,PP1V8_S2_DMIC_C3_CONN,mV,1845,1777,,,
VoltageCheck_Hibernation,PP2V95_S2_SCORPIUS,mV,3038,2861,,,
VoltageCheck_Hibernation,PP2V95_S2_SCORPIUS_FILT,mV,3038,2861,,,
VoltageCheck_Hibernation,PP3V3_S2_TOUCH,mV,5,-5,,,
VoltageCheck_Hibernation,PP1V2_S2_TOUCH_SW,mV,5,-5,,,
VoltageCheck_Hibernation,PP1V2_SOC_LN,mV,5,-5,,,
VoltageCheck_Hibernation,PP1V8_SERA_ALWAYS,mV,1872,1728,,,
VoltageCheck_Hibernation,PP1V8_SIMETRA_ALWAYS,mV,1872,1728,,,
VoltageCheck_Hibernation,PP1V2_S2_CIO,mV,1220,1178,,,
VoltageCheck_Hibernation,PPV_BST_AUDIO,mV,4700,3400,,,
VoltageCheck_Hibernation,PP_BUCK3_SW4_SPARE,mV,4279.8,3872.2,,,
VoltageCheck_Hibernation,PP1V215_REAR_CAM,mV,5,-5,,,
VoltageCheck_Hibernation,PP1V215_FRONT_CAM,mV,1240,1190,,,
VoltageCheck_Hibernation,PP1V8_S2_MESA,mV,1845,1777,,,
VoltageCheck_Hibernation,PP2V90_FRONT_CAM,mV,5,-5,,,
VoltageCheck_Hibernation,PP3V0_ALS,mV,3040,2970,,,
VoltageCheck_Hibernation,PP3V0_ALS_C4_CONN,mV,3040,2970,,,
VoltageCheck_Hibernation,PP2V95_REAR_CAM,mV,5,-5,,,
VoltageCheck_Hibernation,PP3V05_S2_MESA_CONN,mV,3210.6018,2904.8302,,,
VoltageCheck_Hibernation,PP3V0_S2_UAT_C4_CONN,mV,3040,2970,,,
VoltageCheck_Hibernation,PPLED_OUT,mV,4279.8,3872.2,,,
VoltageCheck_Hibernation,PPVBUS_PROT,mV,4279.8,3872.2,,,
VoltageCheck_Hibernation,PPVCC_MAIN,mV,4279.8,3500,,,
VoltageCheck_Hibernation,PP0V9_BSB_SVR_IND,mV,829.15,780.85,,,
VoltageCheck_Hibernation,PP1V8_S2_MESA,mV,1845,1777,,,
VoltageCheck_Hibernation,PP1V2_MOLY_FLEX_VDDIO_CONN,mV,1295,1224,,,
VoltageCheck_Hibernation,PP3V0_S2_LAT_SWITCH_CONN,mV,3040,2970,,,
VoltageCheck_Hibernation,PP3V0_S2_UAT_C4_CONN,mV,3040,2970,,,
VoltageCheck_Hibernation,PP1V8_MOLY_FLEX_AVDD_CONN,mV,1845,1777,,,
VoltageCheck_Hibernation,PP2V63_NAND_DISCH_QD,mV,2685,2594,,,
VoltageCheck_Hibernation,P3V3_ROM,mV,829.15,780.85,,,
VoltageCheck_Hibernation,PP3V0_ALS,mV,3040,2970,,,
VoltageCheck_Hibernation,PP3V3_ACE_LDO,mV,3400,3200,,,
VoltageCheck_Hibernation,PP3V3_BSB_S0_SVR,mV,5,-5,,,
VoltageCheck_Hibernation,PPBATT_VCC,mV,4350,4250,,,
VoltageCheck_Hibernation,PPVCC_MAIN,mV,4400,4200,,,
VoltageCheck_Hibernation,PPVCC_MAIN_LCD_SW,mV,4350,4250,,,
VoltageCheck_Hibernation,PPVBUS_PROT,mV,5300,4700,,,
VoltageCheck_Hibernation,PPVCC_HIGH,mV,4400,4200,,,
VoltageCheck_Hibernation,PPVCENTER,mV,5300,4700,,,
VoltageCheck_Hibernation,PP16V0_MESA_CONN,mV,16764.79875,15168.15125,,,
VoltageCheck_Hibernation,PPVCC_HIGH_VBAT_3.2V,mV,3300,3100,,,
VoltageCheck_Wakeup,PP1V25_S2,mV,5,-5,,,
VoltageCheck_Wakeup,PP1V8_S2,mV,1845,1777,,,
VoltageCheck_Wakeup,PP1V8_S2_TOUCH,mV,25,-10,,,
VoltageCheck_Wakeup,PP1V8_SW1_IO,mV,1845,1777,,,
VoltageCheck_Wakeup,PPVDD_S1_SRAM,mV,824,776,,,
VoltageCheck_Wakeup,PPVDD_S2_CIO,mV,880.65,829.35,,,
VoltageCheck_Wakeup,PP2V63_NAND,mV,2685,2594,,,
VoltageCheck_Wakeup,PPVDD_S1_QL,mV,748.5,571,,,
VoltageCheck_Wakeup,PP3V3_BSB,mV,5,-5,,,
VoltageCheck_Wakeup,PP1V8_LDCM,mV,5,-5,,,
VoltageCheck_Wakeup,PP1V06_S2,mV,1097.98,1034.02,,,
VoltageCheck_Wakeup,PP1V2_MOLY_FLEX_VDDIO_CONN,mV,1295,1224,,,
VoltageCheck_Wakeup,PP1V2_IO,mV,1295,1224,,,
VoltageCheck_Wakeup,PP1V2_NAND,mV,1295,1224,,,
VoltageCheck_Wakeup,PP0V72_S2_VDDLOW,mV,772.5,727.5,,,
VoltageCheck_Wakeup,PP0V88_S1,mV,925,854,,,
VoltageCheck_Wakeup,PP0V88_NAND,mV,925,854,,,
VoltageCheck_Wakeup,PP0V8_S1_SOC_FIXED,mV,829.15,780.85,,,
VoltageCheck_Wakeup,PP1V8_PHOS_FILT,mV,1845,1777,,,
VoltageCheck_Wakeup,PP1V8_S2_KOBOL_A_FILT,mV,1845,1777,,,
VoltageCheck_Wakeup,PP3V0_ALS_C4_CONN,mV,3040,2970,,,
VoltageCheck_Wakeup,PPVDD_S1_SOC,mV,775.71875,618.375,,,
VoltageCheck_Wakeup,PPVDD_CPU_SRAM,mV,991.375,933.625,,,
VoltageCheck_Wakeup,PPVDD_CPU,mV,720,520,,,
VoltageCheck_Wakeup,PPVDD_GPU,mV,50,-10,,,
VoltageCheck_Wakeup,PPVDD_S1_DCS,mV,772.5,642.625,,,
VoltageCheck_Wakeup,PPVDD_S1_DISP,mV,692.03125,560.78125,,,
VoltageCheck_Wakeup,PPVDD_ECPU,mV,955.96875,782.0625,,,
VoltageCheck_Wakeup,PP3V3_S2_ACE_PARROT,mV,3342,3265,,,
VoltageCheck_Wakeup,PP1V8_S2_DMIC_C3_CONN,mV,1845,1777,,,
VoltageCheck_Wakeup,PP2V95_S2_SCORPIUS,mV,3038,2861,,,
VoltageCheck_Wakeup,PP2V95_S2_SCORPIUS_FILT,mV,3038,2861,,,
VoltageCheck_Wakeup,PP3V3_S2_TOUCH,mV,5,-5,,,
VoltageCheck_Wakeup,PP1V2_S2_TOUCH_SW,mV,5,-5,,,
VoltageCheck_Wakeup,PP1V2_SOC_LN,mV,1220,1178,,,
VoltageCheck_Wakeup,PP1V8_SERA_ALWAYS,mV,1828,1779,,,
VoltageCheck_Wakeup,PP1V8_SIMETRA_ALWAYS,mV,1828,1779,,,
VoltageCheck_Wakeup,PP1V2_S2_CIO,mV,1220,1178,,,
VoltageCheck_Wakeup,PPV_BST_AUDIO,mV,4700,3400,,,
VoltageCheck_Wakeup,PP_BUCK3_SW4_SPARE,mV,4279.8,3872.2,,,
VoltageCheck_Wakeup,PP1V215_REAR_CAM,mV,1275,1175,,,
VoltageCheck_Wakeup,PP1V215_FRONT_CAM,mV,1275,1175,,,
VoltageCheck_Wakeup,PP1V8_S2_MESA,mV,5,-5,,,
VoltageCheck_Wakeup,PP2V90_FRONT_CAM,mV,2987,2813,,,
VoltageCheck_Wakeup,PP3V0_ALS,mV,3040,2970,,,
VoltageCheck_Wakeup,PP2V95_REAR_CAM,mV,3038,2861,,,
VoltageCheck_Wakeup,PP3V05_S2_MESA_CONN,mV,5,-5,,,
VoltageCheck_Wakeup,PP3V0_S2_UAT_C4_CONN,mV,3040,2970,,,
VoltageCheck_Wakeup,PPLED_OUT,mV,4279.8,3872.2,,,
VoltageCheck_Wakeup,PPVBUS_PROT,mV,5300,4700,,,
VoltageCheck_Wakeup,PPVCC_MAIN,mV,4279.8,3872.2,,,
Transition_Diags_WakeUp_VBAT4V3_VBUS5V,Read_Reg_0x6862,string,0x0C,,,,
Transition_Diags_WakeUp_VBAT4V3_VBUS5V,PPBATT_VCC_FB,mV,4350,4250,,,
Transition_Diags_WakeUp_VBAT4V3_VBUS5V,RECONFIRM_FINAL_CRC_CHECK,string,0xB1 0x01 0x92 0x34,,,,
Transition_Diags_WakeUp_VBAT4V3_VBUS5V,RECONFIRM_FINAL_CRC_prod_fuse_CHECK,string,0x05 0x86 0x96 0x9E,,,,
USB2.0DataTransfer_TOP_PdSourceCC1,ACE_CC1_Status,,1,1,,,
USB2.0DataTransfer_BOT_PdSourceCC2,ACE_CC2_Status,,2,2,,,
USB_SSPresence_Pair1_PdSourceSS,Check_ACE_PowerRole_Source,,1,1,,,
USB_SSPresence_Pair1_PdSourceSS,IBATT_VBUS_Off,mA,350,50,,,
USB_SSPresence_Pair1_PdSourceSS,ACE_CC_Status,,1,1,,,
USB_SSPresence_Pair1_PdSourceSS,Check_PowerRole_Source,,1,1,,,
USB_SSPresence_Pair1_PdSourceSS,PP5V2_ACE_BOOST_OUT_SourceMode,mV,5500,4950,,,
USB_SSPresence_Pair1_PdSourceSS,PPVBUS_FB_Volt,mV,5500,4900,,,
USB_SSPresence_Pair1_PdSourceSS,PPVBUS_Eload_volt,mV,5500,4900,,,
USB_SSPresence_Pair1_PdSourceSS,SS1_Connect_Status,,1,1,,,
USB_SSPresence_Pair1_PdSourceSS,SS1_Link_state,,1,1,,,
USB_SSPresence_Pair1_PdSourceSS,SS1_Speed,,1,1,,,
USB_SSPresence_Pair1_PdSourceSS,SS1_Link_ERRS,,50,0,,,
USB_SSPresence_Pair1_PdSourceSS,SS1_Num_Tries,,3,1,,,
PdSource_VBUS_CREload1A5_CC1,PPVBUS_USB_Source_1,mV,5500,4900,,,
PdSource_VBUS_CREload1A5_CC1,PPVBUS_Current,mA,1800,1300,,,
PdSource_VBUS_CREload1A5_CC1,PPVBUS_Voltage,mV,5500,4900,,,
BoostEfficiency_Ace_PdSource_VBATT4V3_CCEload0mA,IBATT_without_ELOAD,mA,350,50,,,
BoostEfficiency_Ace_PdSource_VBATT4V3_CCEload1A5,IBATT_without_ELOAD,mA,350,50,,,
BoostEfficiency_Ace_PdSource_VBATT4V3_CCEload1A5,PPVBUS_Current_150mA,mA,175,125,,,
BoostEfficiency_Ace_PdSource_VBATT4V3_CCEload1A5,PPVBUS_Current_900mA,mA,925,875,,,
BoostEfficiency_Ace_PdSource_VBATT4V3_CCEload1A5,PPVBUS_Current,mA,1525,1475,,,
BoostEfficiency_Ace_PdSource_VBATT4V3_CCEload1A5,IBATT_With_Eload,mA,2300,1800,,,
BoostEfficiency_Ace_PdSource_VBATT4V3_CCEload1A5,PPVCC_MAIN_SNS_with_Eload,mV,4400,4200,,,
BoostEfficiency_Ace_PdSource_VBATT4V3_CCEload1A5,PP5V2_ACE_BOOST_OUT_With_Eload,mV,5500,4950,,,
BoostEfficiency_Ace_PdSource_VBATT4V3_CCEload1A5,ACE_BOOST_Efficiency,%,98,88,,,
USB_SSPresence_Pair2_PdSourceSS,ACE_CC_Status,,2,2,,,
USB_SSPresence_Pair2_PdSourceSS,SS1_Connect_Status,,1,1,,,
USB_SSPresence_Pair2_PdSourceSS,SS1_Link_state,,1,1,,,
USB_SSPresence_Pair2_PdSourceSS,SS1_Speed,,1,1,,,
USB_SSPresence_Pair2_PdSourceSS,SS1_Link_ERRS,,50,0,,,
USB_SSPresence_Pair2_PdSourceSS,SS1_Num_Tries,,3,1,,,
PdSource_VCON_CC1_CCEload400mA,ACE_Read_CC1_voltage_Debug,V,5.7,5.3,,,
PdSource_VCON_CC1_CCEload400mA,VCON_Voltage_FCT_Debug,mV,5500,4700,,,
PdSource_VCON_CC1_CCEload400mA,VCON_Current,mA,550,350,,,
PdSource_VCON_CC2_CC450mA_VBUS_CR1A5,PP5V2_ACE_BOOST_OUT_Start,mV,5500,4950,,,
PdSource_VCON_CC2_CC450mA_VBUS_CR1A5,PPVBUS_Current,mA,1680,1550,,,
PdSource_VCON_CC2_CC450mA_VBUS_CR1A5,PPVBATT_Volt_Start,mV,4800,3400,,,
PdSource_VCON_CC2_CC450mA_VBUS_CR1A5,IBATT_CHECK_DEBUG_MLB_Source_VCON,mA,4000,2000,,,
PdSource_VCON_CC2_CC450mA_VBUS_CR1A5,Reg_read_0x7E6E_Default,,1,1,,,
PdSource_VCON_CC2_CC450mA_VBUS_CR1A5,PMU_VBAT,mV,4400,4200,,,
PdSource_VCON_CC2_CC450mA_VBUS_CR1A5,VBAT_ERROR,%,2.5,-2.5,,,
PdSource_VCON_CC2_CC450mA_VBUS_CR1A5,PMU_IBAT_OUT,mA,7500,500,,,
PdSource_VCON_CC2_CC450mA_VBUS_CR1A5,IBAT_ERROR,%,90,-80,,,
PdSource_VCON_CC2_CC450mA_VBUS_CR1A5,Reg_read_0x7E6E,,0,0,,,
PdSource_VCON_CC2_CC450mA_VBUS_CR1A5,PMU_VBAT_1,mV,4400,4200,,,
PdSource_VCON_CC2_CC450mA_VBUS_CR1A5,VBAT_ERROR_1,%,2.5,-2.5,,,
PdSource_VCON_CC2_CC450mA_VBUS_CR1A5,PMU_IBAT_OUT_1,mA,4800,1500,,,
PdSource_VCON_CC2_CC450mA_VBUS_CR1A5,IBAT_ERROR_1,%,40,-35,,,
PdSource_VCON_CC2_CC450mA_VBUS_CR1A5,PPVBUS_USB_EMI_Start,mV,5500,4900,,,
PdSource_VCON_CC2_CC450mA_VBUS_CR1A5,PPVBUS_Curr_Start,,1680,1550,,,
PdSource_VCON_CC2_CC450mA_VBUS_CR1A5,ACE_CC2_Curr_Start,,550,350,,,
PdSource_VCON_CC2_CC450mA_VBUS_CR1A5,ACE_Read_VBUS_Start,V,5.5,4.7,,,
PdSource_VCON_CC2_CC450mA_VBUS_CR1A5,ACE_Read_CC2_Start,V,5.7,5.3,,,
PdSource_VCON_CC2_CC450mA_VBUS_CR1A5,PPVBATT_Volt_End,mV,4800,3400,,,
PdSource_VCON_CC2_CC450mA_VBUS_CR1A5,PPVBUS_USB_EMI_End,mV,5500,4900,,,
PdSource_VCON_CC2_CC450mA_VBUS_CR1A5,PPVBUS_Curr_End,mA,1680,1550,,,
PdSource_VCON_CC2_CC450mA_VBUS_CR1A5,ACE_CC2_Curr_End,mA,550,350,,,
PdSource_VCON_CC2_CC450mA_VBUS_CR1A5,ACE_Read_VBUS_End,V,5.5,4.7,,,
PdSource_VCON_CC2_CC450mA_VBUS_CR1A5,ACE_Read_CC2_End,V,5.7,5.3,,,
I2C_Connectivity_Check,I2C4_SCL_1V8_TEST,string,0x44,,,,
I2C_Connectivity_Check,I2C3_AP_SCL_1V8_TEST,string,0x33,,,,
I2C_Connectivity_Check,GASGAUGE_TEST,string,0x55,,,,
IbusLimitCal_PdSink_HCCM_CC_VBAT4V3_VBUS5V3A,VDM_Volt_Setting_5V,mV,5000,5000,,,
IbusLimitCal_PdSink_HCCM_CC_VBAT4V3_VBUS5V3A,CHECK_FLAG,,1,1,,,
IbusLimitCal_PdSink_HCCM_CC_VBAT4V3_VBUS5V3A,READ_ISET_BUCK_Actual,string,0xB0,,,,
IbusLimitCal_PdSink_HCCM_CC_VBAT4V3_VBUS5V3A,READ_VSET_Actual,string,0x0A00,,,,
IbusLimitCal_PdSink_HCCM_CC_VBAT4V3_VBUS5V3A,CHECK_FLAG_1,,1,1,,,
IbusLimitCal_PdSink_HCCM_CC_VBAT4V3_VBUS5V3A,USB_Current_3000mA,mA,3100,2850,,,
IbusLimitCal_PdSink_HCCM_CC_VBAT4V3_VBUS5V3A,Poto_Mid_die_temp,C,55,10,,,
IbusLimitCal_PdSink_HCCM_CC_VBAT4V3_VBUS5V3A,PPVCC_MAIN_Volt,mV,4500,4200,,,
IbusLimitCal_PdSink_HCCM_CC_VBAT4V3_VBUS5V3A,PPBATT_VCC_FB,mV,4400,4050,,,
IbusLimitCal_PdSink_HCCM_CC_VBAT4V35_VBUS5V3A,PPVCC_MAIN_Volt,mV,4500,4200,,,
IbusLimitCal_PdSink_HCCM_CC_VBAT4V35_VBUS5V3A,PPBATT_VCC_FB,mV,4500,4050,,,
IbusLimitCal_PdSink_HCCM_CC_VBAT4V3_VBUS12V3A,VDM_Volt_Setting_12V,mV,12000,12000,,,
IbusLimitCal_PdSink_HCCM_CC_VBAT4V3_VBUS12V3A,CHECK_FLAG,,1,1,,,
IbusLimitCal_PdSink_HCCM_CC_VBAT4V3_VBUS12V3A,PPVBUS_FB_3000mA_12V,mV,12100,11850,,,
IbusLimitCal_PdSink_HCCM_CC_VBAT4V3_VBUS12V3A,READ_ISET_BUCK_Actual,string,0xB0,,,,
IbusLimitCal_PdSink_HCCM_CC_VBAT4V3_VBUS12V3A,READ_VSET_Actual,string,0x0A00,,,,
IbusLimitCal_PdSink_HCCM_CC_VBAT4V3_VBUS12V3A,PPVCC_MAIN_Volt,mV,4500,4200,,,
IbusLimitCal_PdSink_HCCM_CC_VBAT4V3_VBUS12V3A,PPBATT_VCC_FB,mV,4400,4050,,,
IbusLimitCal_PdSink_HCCM_CC_VBAT4V3_VBUS12V3A,Ibus_3000mA,mA,3348.9,2590,,,
IbusLimitCal_PdSink_HCCM_CC_VBAT4V3_VBUS12V3A,BATT_CURRENT,mA,-3700,-4350,,,
IbusLimitCal_PdSink_HCCM_CC_VBAT4V3_VBUS12V3A,Poto_vcenter_temp0,C,130,30,,,
IbusLimitCal_PdSink_HCCM_CC_VBAT4V3_VBUS12V3A,Poto_vcenter_temp1,C,130,30,,,
IbusLimitCal_PdSink_HCCM_CC_VBAT4V3_VBUS12V3A,Poto_chg_buck_temp,C,130,30,,,
IbusLimitCal_PdSink_HCCM_CC_VBAT4V3_VBUS12V3A,Poto_Mid_die_temp,C,130,30,,,
IbusLimitCal_PdSink_HCCM_CC_VBAT4V3_VBUS12V3A,Poto_lv_ldo_temp,C,130,30,,,
IbusLimitCal_PdSink_HCCM_CC_VBAT4V3_VBUS12V3A,CHECK_FLAG_3,,1,1,,,
IbusLimitCal_PdSink_HCCM_CC_VBAT4V3_VBUS15V2A5,VDM_Volt_Setting_12V,mV,15000,15000,,,
IbusLimitCal_PdSink_HCCM_CC_VBAT4V3_VBUS15V2A5,CHECK_FLAG,,1,1,,,
IbusLimitCal_PdSink_HCCM_CC_VBAT4V3_VBUS15V2A5,PPVBUS_FB_15V_2500mA,mV,15100,14850,,,
IbusLimitCal_PdSink_HCCM_CC_VBAT4V3_VBUS15V2A5,CHECK_FLAG_2,,1,1,,,
IbusLimitCal_PdSink_HCCM_CC_VBAT4V3_VBUS15V2A5,READ_ISET_BUCK_Actual,string,0x97,,,,
IbusLimitCal_PdSink_HCCM_CC_VBAT4V3_VBUS15V2A5,READ_VSET_Actual,string,0x0A00,,,,
IbusLimitCal_PdSink_HCCM_CC_VBAT4V3_VBUS15V2A5,PPVCC_MAIN_Volt,mV,4500,4200,,,
IbusLimitCal_PdSink_HCCM_CC_VBAT4V3_VBUS15V2A5,PPBATT_VCC_FB,mV,4400,4050,,,
IbusLimitCal_PdSink_HCCM_CC_VBAT4V3_VBUS15V2A5,Ibus_2500mA,mA,2650,2100,,,
IbusLimitCal_PdSink_HCCM_CC_VBAT4V3_VBUS15V2A5,BATT_CURRENT,mA,-3150,-4300,,,
IbusLimitCal_PdSink_HCCM_CC_VBAT4V3_VBUS15V2A5,POTO_VCENTER_TEMP0,C,130,30,,,
IbusLimitCal_PdSink_HCCM_CC_VBAT4V3_VBUS15V2A5,POTO_VCENTER_TEMP1,C,130,30,,,
IbusLimitCal_PdSink_HCCM_CC_VBAT4V3_VBUS15V2A5,POTO_CHG_BUCK_TEMP,C,130,30,,,
IbusLimitCal_PdSink_HCCM_CC_VBAT4V3_VBUS15V2A5,POTO_MID_DIE_TEMP,C,130,30,,,
IbusLimitCal_PdSink_HCCM_CC_VBAT4V3_VBUS15V2A5,POTO_LV_LDO_TEMP,C,130,30,,,
IbusLimitCal_PdSink_HCCM_CC_VBAT4V3_VBUS15V2A5,CHECK_FLAG_3,,1,1,,,
IbusLimitCal_PdSink_HCCM_CC_VBAT4V3_VBUS15V2A5,CHECK_FLAG_EXIT,,0,0,,,
IbusLimitCal_PdSink_HCCM_CC_VBAT4V3_VBUS15V2A5,Read_Reg_0x6862,string,0x0C,,,,
Syscfg_SanityCheck_CBAT,Version,string,0x00000003,,,,
GPIOCheck_2,GPIO_BB_TO_PMU_HOST_WAKE_L_LOW,,0,0,,,
GPIOCheck_2,GPIO_BB_TO_PMU_HOST_WAKE_L_HIGH,,1,1,,,
GPIOCheck_2,GPIO_SIMETRA_TO_BB_BOOT_CFG1_HIGH,,1,1,,,
GPIOCheck_2,GPIO_SIMETRA_TO_BB_BOOT_CFG2_HIGH,,1,1,,,
GPIOCheck_2,GPIO_SIMETRA_TO_BB_BOOT_CFG1_LOW,,0,0,,,
GPIOCheck_2,GPIO_SIMETRA_TO_BB_BOOT_CFG2_LOW,,0,0,,,
GPIOCheck_2,GPIO_PMU_TO_BBPMU_VBUS_DET_LOW,,0,0,,,
GPIOCheck_2,GPIO_PMU_TO_BBPMU_VBUS_DET_HIGH,,1,1,,,
GPIOCheck_3,GPIO_TOUCH_TO_BT_SYNC_LOW,,0,0,,,
GPIOCheck_3,WLAN_GPIO_TOUCH_TO_BT_SYNC_LOW,,0,0,,,
GPIOCheck_3,GPIO_TOUCH_TO_BT_SYNC_HIGH,,1,1,,,
GPIOCheck_3,WLAN_GPIO_TOUCH_TO_BT_SYNC_HIGH,,1,1,,,
GPIOCheck_3,GPIO_GRAPE_TO_TCON_FORCE_PWM_1V8_LOW,,0,0,,,
GPIOCheck_3,GPIO_GRAPE_TO_TCON_FORCE_PWM_1V8_HIGH,,1,1,,,
GPIOCheck_3,GPIO_GRAPE_TO_SCORPIUS_TIME_SYNC_1V8_LOW,,0,0,,,
GPIOCheck_3,GPIO_GRAPE_TO_SCORPIUS_TIME_SYNC_1V8_HIGH,,1,1,,,
GPIOCheck_4,GPIO_POTOMAC_TO_PMU_WAKE_1V8_LOW,,0,0,,,
GPIOCheck_4,GPIO_POTOMAC_TO_PMU_WAKE_1V8_HIGH,,1,1,,,
GPIOCheck_4,GPIO_PMU_TO_ROTTERDAM_EN_HIGH,,1,1,,,
GPIOCheck_4,GPIO_PMU_TO_ROTTERDAM_EN_LOW,,0,0,,,
GPIOCheck_4,GPIO_PMU_TO_SCORPIUS_EXT_DOTARA_EN_1V8_LOW,,0,0,,,
GPIOCheck_4,GPIO_PMU_TO_SCORPIUS_EXT_DOTARA_EN_1V8_HIGH,,1,1,,,
GPIOCheck_4,GPIO_PMU_TO_ATRANI_EXT_LDO_EN_1V8_LOW,,0,0,,,
GPIOCheck_4,GPIO_PMU_TO_ATRANI_EXT_LDO_EN_1V8_HIGH,,1,1,,,
GPIOCheck_4,GPIO_PMU_TO_NAND_LOW_BATT_L_LOW,,0,0,,,
GPIOCheck_4,GPIO_PMU_TO_NAND_LOW_BATT_L_HIGH,,1,1,,,
GPIOCheck_4,GPIO_PMU_TO_SCORPIUS_MCU_NRST_L_1V8_LOW,,0,0,,,
GPIOCheck_4,GPIO_PMU_TO_SCORPIUS_MCU_NRST_L_1V8_HIGH,,1,1,,,
GPIOCheck_4,GPIO_PMU_TO_BBPMU_ON_HIGH,,1,1,,,
GPIOCheck_4,GPIO_PMU_TO_BBPMU_ON_LOW,,0,0,,,
GPIOCheck_4,GPIO_PMU_TO_WLAN_REG_ON_HIGH,,1,1,,,
GPIOCheck_4,GPIO_PMU_TO_WLAN_REG_ON_LOW,,0,0,,,
GPIOCheck_5,SPI2_MESA_SCLK_R_1V8_HIGH,,1,1,,,
GPIOCheck_5,SPI2_MESA_SCLK_R_1V8_LOW,,0,0,,,
GPIOCheck_5,SPI2_MESA_MOSI_1V8_HIGH,,1,1,,,
GPIOCheck_5,SPI2_MESA_MOSI_1V8_LOW,,0,0,,,
GPIOCheck_5,SPI2_MESA_MISO_1V8_HIGH,,1,1,,,
GPIOCheck_5,SPI2_MESA_MISO_1V8_LOW,,0,0,,,
GPIOCheck_5,GPIO_MESA_TO_SOC_IRQ_1V8_HIGH,,1,1,,,
GPIOCheck_5,GPIO_MESA_TO_SOC_IRQ_1V8_LOW,,0,0,,,
GPIOCheck_6,ISP_I2C0_SDA_LOW,,0,0,,,
GPIOCheck_6,ISP_I2C0_SDA_HIGH,,1,1,,,
GPIOCheck_6,ISP_I2C0_SCL_LOW,,0,0,,,
GPIOCheck_6,ISP_I2C0_SCL_HIGH,,1,1,,,
GPIOCheck_6,ISP_I2C1_SDA_LOW,,0,0,,,
GPIOCheck_6,ISP_I2C1_SDA_HIGH,,1,1,,,
GPIOCheck_6,ISP_I2C1_SCL_LOW,,0,0,,,
GPIOCheck_6,ISP_I2C1_SCL_HIGH,,1,1,,,